timestamp,weekday,hour,direction,delay_minutes
2026-05-16T00:00:00+02:00,Sa,00,Praterstern,0.12
2026-05-16T00:29:00+02:00,Sa,00,Meidling,1.25
2026-05-16T00:15:00+02:00,Sa,00,Praterstern,0.00
2026-05-16T00:53:00+02:00,Sa,00,Meidling,0.00
2026-05-16T01:00:00+02:00,Sa,01,Praterstern,0.33
2026-05-16T01:12:00+02:00,Sa,01,Meidling,2.00
2026-05-16T01:20:00+02:00,Sa,01,Praterstern,0.00
2026-05-16T01:42:00+02:00,Sa,01,Meidling,1.00
2026-05-16T02:12:00+02:00,Sa,02,Meidling,0.00
2026-05-16T02:09:00+02:00,Sa,02,Praterstern,0.00
2026-05-16T02:42:00+02:00,Sa,02,Meidling,0.00
2026-05-16T03:12:00+02:00,Sa,03,Meidling,0.00
2026-05-16T03:42:00+02:00,Sa,03,Meidling,0.00
2026-05-16T04:29:00+02:00,Sa,04,Meidling,0.00
2026-05-16T04:42:00+02:00,Sa,04,Meidling,0.00
2026-05-16T04:57:00+02:00,Sa,04,Praterstern,2.00
2026-05-16T05:29:00+02:00,Sa,05,Meidling,3.00
2026-05-16T05:12:00+02:00,Sa,05,Praterstern,0.00
2026-05-16T05:59:00+02:00,Sa,05,Meidling,0.00
2026-05-16T06:00:00+02:00,Sa,06,Praterstern,0.67
2026-05-16T06:29:00+02:00,Sa,06,Meidling,0.00
2026-05-16T06:30:00+02:00,Sa,06,Praterstern,0.17
2026-05-16T06:59:00+02:00,Sa,06,Meidling,0.75
2026-05-16T07:00:00+02:00,Sa,07,Praterstern,0.00
2026-05-16T07:29:00+02:00,Sa,07,Meidling,0.50
2026-05-16T07:30:00+02:00,Sa,07,Praterstern,0.20
2026-05-16T07:59:00+02:00,Sa,07,Meidling,3.25
2026-05-16T08:00:00+02:00,Sa,08,Praterstern,0.33
2026-05-16T08:29:00+02:00,Sa,08,Meidling,1.33
2026-05-16T08:30:00+02:00,Sa,08,Praterstern,1.00
2026-05-16T08:59:00+02:00,Sa,08,Meidling,0.20
2026-05-16T09:00:00+02:00,Sa,09,Praterstern,3.00
2026-05-16T09:29:00+02:00,Sa,09,Meidling,0.00
2026-05-16T09:30:00+02:00,Sa,09,Praterstern,0.40
2026-05-16T09:59:00+02:00,Sa,09,Meidling,0.50
2026-05-16T10:00:00+02:00,Sa,10,Praterstern,0.67
2026-05-16T10:29:00+02:00,Sa,10,Meidling,0.33
2026-05-16T10:30:00+02:00,Sa,10,Praterstern,0.00
2026-05-16T10:42:00+02:00,Sa,10,Meidling,0.67
2026-05-16T11:00:00+02:00,Sa,11,Praterstern,0.33
2026-05-16T11:29:00+02:00,Sa,11,Meidling,2.00
2026-05-16T11:30:00+02:00,Sa,11,Praterstern,0.20
2026-05-16T11:59:00+02:00,Sa,11,Meidling,1.50
2026-05-16T12:00:00+02:00,Sa,12,Praterstern,1.33
2026-05-16T12:29:00+02:00,Sa,12,Meidling,0.00
2026-05-16T12:30:00+02:00,Sa,12,Praterstern,0.20
2026-05-16T12:59:00+02:00,Sa,12,Meidling,0.00
2026-05-16T13:00:00+02:00,Sa,13,Praterstern,1.00
2026-05-16T13:29:00+02:00,Sa,13,Meidling,0.67
2026-05-16T13:30:00+02:00,Sa,13,Praterstern,0.20
2026-05-16T13:59:00+02:00,Sa,13,Meidling,0.75
2026-05-16T14:00:00+02:00,Sa,14,Praterstern,1.00
2026-05-16T14:29:00+02:00,Sa,14,Meidling,0.33
2026-05-16T14:30:00+02:00,Sa,14,Praterstern,0.20
2026-05-16T14:59:00+02:00,Sa,14,Meidling,2.40
2026-05-16T15:00:00+02:00,Sa,15,Praterstern,0.00
2026-05-16T15:29:00+02:00,Sa,15,Meidling,0.33
2026-05-16T15:27:00+02:00,Sa,15,Praterstern,0.20
2026-05-16T15:59:00+02:00,Sa,15,Meidling,1.40
2026-05-16T16:00:00+02:00,Sa,16,Praterstern,4.00
2026-05-16T16:29:00+02:00,Sa,16,Meidling,0.33
2026-05-16T16:30:00+02:00,Sa,16,Praterstern,0.67
2026-05-16T16:59:00+02:00,Sa,16,Meidling,0.00
2026-05-16T17:00:00+02:00,Sa,17,Praterstern,10.67
2026-05-16T17:29:00+02:00,Sa,17,Meidling,0.00
2026-05-16T17:30:00+02:00,Sa,17,Praterstern,0.33
2026-05-16T17:59:00+02:00,Sa,17,Meidling,0.20
2026-05-16T18:00:00+02:00,Sa,18,Praterstern,1.00
2026-05-16T18:29:00+02:00,Sa,18,Meidling,0.00
2026-05-16T18:30:00+02:00,Sa,18,Praterstern,1.33
2026-05-16T18:59:00+02:00,Sa,18,Meidling,1.00
2026-05-16T19:00:00+02:00,Sa,19,Praterstern,1.00
2026-05-16T19:29:00+02:00,Sa,19,Meidling,1.00
2026-05-16T19:27:00+02:00,Sa,19,Praterstern,0.00
2026-05-16T19:59:00+02:00,Sa,19,Meidling,1.60
2026-05-16T20:00:00+02:00,Sa,20,Praterstern,7.75
2026-05-16T20:29:00+02:00,Sa,20,Meidling,0.50
2026-05-16T20:30:00+02:00,Sa,20,Praterstern,0.20
2026-05-16T20:59:00+02:00,Sa,20,Meidling,2.00
2026-05-16T20:57:00+02:00,Sa,20,Praterstern,0.00
2026-05-16T21:29:00+02:00,Sa,21,Meidling,2.00
2026-05-16T21:30:00+02:00,Sa,21,Praterstern,0.20
2026-05-16T21:59:00+02:00,Sa,21,Meidling,3.75
2026-05-16T22:00:00+02:00,Sa,22,Praterstern,0.00
2026-05-16T22:29:00+02:00,Sa,22,Meidling,4.67
2026-05-16T22:30:00+02:00,Sa,22,Praterstern,1.40
2026-05-16T22:59:00+02:00,Sa,22,Meidling,1.25
2026-05-16T22:50:00+02:00,Sa,22,Praterstern,0.50
2026-05-16T23:29:00+02:00,Sa,23,Meidling,2.00
2026-05-16T23:30:00+02:00,Sa,23,Praterstern,0.25
2026-05-16T23:59:00+02:00,Sa,23,Meidling,2.50
2026-05-17T00:00:00+02:00,So,00,Praterstern,0.20
2026-05-17T00:29:00+02:00,So,00,Meidling,2.75
2026-05-17T00:15:00+02:00,So,00,Praterstern,0.00
2026-05-17T00:53:00+02:00,So,00,Meidling,0.00
2026-05-17T01:00:00+02:00,So,01,Praterstern,0.67
2026-05-17T01:12:00+02:00,So,01,Meidling,0.00
2026-05-17T01:20:00+02:00,So,01,Praterstern,0.00
2026-05-17T01:42:00+02:00,So,01,Meidling,2.00
2026-05-17T02:12:00+02:00,So,02,Meidling,0.00
2026-05-17T02:09:00+02:00,So,02,Praterstern,0.00
2026-05-17T02:42:00+02:00,So,02,Meidling,0.00
2026-05-17T03:12:00+02:00,So,03,Meidling,0.00
2026-05-17T03:42:00+02:00,So,03,Meidling,0.00
2026-05-17T04:29:00+02:00,So,04,Meidling,0.50
2026-05-17T04:42:00+02:00,So,04,Meidling,0.33
2026-05-17T05:00:00+02:00,So,05,Praterstern,0.50
2026-05-17T05:29:00+02:00,So,05,Meidling,1.00
2026-05-17T05:27:00+02:00,So,05,Praterstern,0.00
2026-05-17T05:59:00+02:00,So,05,Meidling,0.50
2026-05-17T05:50:00+02:00,So,05,Praterstern,0.00
2026-05-17T06:29:00+02:00,So,06,Meidling,0.25
2026-05-17T06:30:00+02:00,So,06,Praterstern,1.40
2026-05-17T06:59:00+02:00,So,06,Meidling,0.25
2026-05-17T07:00:00+02:00,So,07,Praterstern,0.00
2026-05-17T07:29:00+02:00,So,07,Meidling,0.00
2026-05-17T07:30:00+02:00,So,07,Praterstern,0.00
2026-05-17T07:59:00+02:00,So,07,Meidling,0.00
2026-05-17T08:00:00+02:00,So,08,Praterstern,0.00
2026-05-17T08:29:00+02:00,So,08,Meidling,0.00
2026-05-17T08:30:00+02:00,So,08,Praterstern,0.00
2026-05-17T08:59:00+02:00,So,08,Meidling,0.80
2026-05-17T09:00:00+02:00,So,09,Praterstern,1.00
2026-05-17T09:29:00+02:00,So,09,Meidling,0.00
2026-05-17T09:30:00+02:00,So,09,Praterstern,0.00
2026-05-17T09:59:00+02:00,So,09,Meidling,1.00
2026-05-17T10:00:00+02:00,So,10,Praterstern,0.00
2026-05-17T10:29:00+02:00,So,10,Meidling,0.00
2026-05-17T10:30:00+02:00,So,10,Praterstern,0.60
2026-05-17T10:59:00+02:00,So,10,Meidling,0.25
2026-05-17T11:00:00+02:00,So,11,Praterstern,0.33
2026-05-17T11:29:00+02:00,So,11,Meidling,2.00
2026-05-17T11:27:00+02:00,So,11,Praterstern,0.00
2026-05-17T11:59:00+02:00,So,11,Meidling,5.00
2026-05-17T12:00:00+02:00,So,12,Praterstern,0.67
2026-05-17T12:29:00+02:00,So,12,Meidling,0.33
2026-05-17T12:30:00+02:00,So,12,Praterstern,1.60
2026-05-17T12:59:00+02:00,So,12,Meidling,0.00
2026-05-17T13:00:00+02:00,So,13,Praterstern,3.50
2026-05-17T13:29:00+02:00,So,13,Meidling,0.67
2026-05-17T13:30:00+02:00,So,13,Praterstern,0.20
2026-05-17T13:59:00+02:00,So,13,Meidling,0.60
2026-05-17T14:00:00+02:00,So,14,Praterstern,0.40
2026-05-17T14:29:00+02:00,So,14,Meidling,0.25
2026-05-17T14:30:00+02:00,So,14,Praterstern,0.17
2026-05-17T14:59:00+02:00,So,14,Meidling,0.43
2026-05-17T15:00:00+02:00,So,15,Praterstern,0.40
2026-05-17T15:29:00+02:00,So,15,Meidling,1.25
2026-05-17T15:30:00+02:00,So,15,Praterstern,0.33
2026-05-17T15:59:00+02:00,So,15,Meidling,0.29
2026-05-17T16:00:00+02:00,So,16,Praterstern,0.20
2026-05-17T16:29:00+02:00,So,16,Meidling,0.25
2026-05-17T16:30:00+02:00,So,16,Praterstern,1.00
2026-05-17T16:59:00+02:00,So,16,Meidling,0.00
2026-05-17T17:00:00+02:00,So,17,Praterstern,4.20
2026-05-17T17:29:00+02:00,So,17,Meidling,0.25
2026-05-17T17:27:00+02:00,So,17,Praterstern,0.20
2026-05-17T17:59:00+02:00,So,17,Meidling,0.43
2026-05-17T18:00:00+02:00,So,18,Praterstern,0.33
2026-05-17T18:29:00+02:00,So,18,Meidling,1.00
2026-05-17T18:30:00+02:00,So,18,Praterstern,0.33
2026-05-17T18:59:00+02:00,So,18,Meidling,0.14
2026-05-17T19:00:00+02:00,So,19,Praterstern,0.40
2026-05-17T19:29:00+02:00,So,19,Meidling,0.00
2026-05-17T19:30:00+02:00,So,19,Praterstern,1.17
2026-05-17T19:59:00+02:00,So,19,Meidling,0.00
2026-05-17T20:00:00+02:00,So,20,Praterstern,0.67
2026-05-17T20:29:00+02:00,So,20,Meidling,0.00
2026-05-17T20:30:00+02:00,So,20,Praterstern,0.17
2026-05-17T20:59:00+02:00,So,20,Meidling,0.20
2026-05-17T21:00:00+02:00,So,21,Praterstern,0.50
2026-05-17T21:29:00+02:00,So,21,Meidling,0.20
2026-05-17T21:30:00+02:00,So,21,Praterstern,0.00
2026-05-17T21:59:00+02:00,So,21,Meidling,0.00
2026-05-17T22:00:00+02:00,So,22,Praterstern,0.40
2026-05-17T22:29:00+02:00,So,22,Meidling,0.20
2026-05-17T22:30:00+02:00,So,22,Praterstern,0.00
2026-05-17T22:59:00+02:00,So,22,Meidling,0.67
2026-05-17T23:00:00+02:00,So,23,Praterstern,0.17
2026-05-17T23:29:00+02:00,So,23,Meidling,0.00
2026-05-17T23:30:00+02:00,So,23,Praterstern,0.00
2026-05-17T23:59:00+02:00,So,23,Meidling,0.00
2026-05-18T00:00:00+02:00,Mo,00,Praterstern,0.00
2026-05-18T00:29:00+02:00,Mo,00,Meidling,0.20
2026-05-18T00:27:00+02:00,Mo,00,Praterstern,0.00
2026-05-18T00:47:00+02:00,Mo,00,Meidling,0.33
2026-05-18T01:00:00+02:00,Mo,01,Praterstern,0.25
2026-05-18T01:12:00+02:00,Mo,01,Meidling,0.00
2026-05-18T01:27:00+02:00,Mo,01,Praterstern,1.33
2026-05-18T01:39:00+02:00,Mo,01,Praterstern,0.00
2026-05-18T04:29:00+02:00,Mo,04,Meidling,1.00
2026-05-18T04:30:00+02:00,Mo,04,Praterstern,0.00
2026-05-18T04:53:00+02:00,Mo,04,Meidling,2.50
2026-05-18T05:23:00+02:00,Mo,05,Meidling,0.00
2026-05-18T05:27:00+02:00,Mo,05,Praterstern,0.25
2026-05-18T05:59:00+02:00,Mo,05,Meidling,0.00
2026-05-18T06:00:00+02:00,Mo,06,Praterstern,2.80
2026-05-18T06:29:00+02:00,Mo,06,Meidling,0.00
2026-05-18T06:30:00+02:00,Mo,06,Praterstern,0.43
2026-05-18T06:59:00+02:00,Mo,06,Meidling,0.14
2026-05-18T06:57:00+02:00,Mo,06,Praterstern,0.17
2026-05-18T07:29:00+02:00,Mo,07,Meidling,2.00
2026-05-18T07:30:00+02:00,Mo,07,Praterstern,0.14
2026-05-18T07:59:00+02:00,Mo,07,Meidling,1.14
2026-05-18T08:00:00+02:00,Mo,08,Praterstern,0.57
2026-05-18T08:29:00+02:00,Mo,08,Meidling,0.86
2026-05-18T08:30:00+02:00,Mo,08,Praterstern,1.57
2026-05-18T08:59:00+02:00,Mo,08,Meidling,1.67
2026-05-18T09:00:00+02:00,Mo,09,Praterstern,0.71
2026-05-18T09:29:00+02:00,Mo,09,Meidling,2.50
2026-05-18T09:30:00+02:00,Mo,09,Praterstern,0.29
2026-05-18T09:59:00+02:00,Mo,09,Meidling,5.33
2026-05-18T10:00:00+02:00,Mo,10,Praterstern,0.33
2026-05-18T10:29:00+02:00,Mo,10,Meidling,0.40
2026-05-18T10:30:00+02:00,Mo,10,Praterstern,0.20
2026-05-18T10:59:00+02:00,Mo,10,Meidling,0.86
2026-05-18T11:00:00+02:00,Mo,11,Praterstern,0.25
2026-05-18T11:29:00+02:00,Mo,11,Meidling,0.00
2026-05-18T11:30:00+02:00,Mo,11,Praterstern,1.43
2026-05-18T11:59:00+02:00,Mo,11,Meidling,1.14
2026-05-18T12:00:00+02:00,Mo,12,Praterstern,0.17
2026-05-18T12:29:00+02:00,Mo,12,Meidling,0.00
2026-05-18T12:30:00+02:00,Mo,12,Praterstern,0.43
2026-05-18T12:59:00+02:00,Mo,12,Meidling,0.57
2026-05-18T13:00:00+02:00,Mo,13,Praterstern,1.50
2026-05-18T13:29:00+02:00,Mo,13,Meidling,0.60
2026-05-18T13:30:00+02:00,Mo,13,Praterstern,0.43
2026-05-18T13:59:00+02:00,Mo,13,Meidling,0.43
2026-05-18T14:00:00+02:00,Mo,14,Praterstern,0.17
2026-05-18T14:29:00+02:00,Mo,14,Meidling,2.83
2026-05-18T14:30:00+02:00,Mo,14,Praterstern,0.57
2026-05-18T14:59:00+02:00,Mo,14,Meidling,1.57
2026-05-18T15:00:00+02:00,Mo,15,Praterstern,0.20
2026-05-18T15:23:00+02:00,Mo,15,Meidling,1.17
2026-05-18T15:30:00+02:00,Mo,15,Praterstern,0.50
2026-05-18T15:59:00+02:00,Mo,15,Meidling,0.62
2026-05-18T16:00:00+02:00,Mo,16,Praterstern,0.83
2026-05-18T16:29:00+02:00,Mo,16,Meidling,0.43
2026-05-18T16:30:00+02:00,Mo,16,Praterstern,0.71
2026-05-18T16:59:00+02:00,Mo,16,Meidling,1.29
2026-05-18T17:00:00+02:00,Mo,17,Praterstern,0.14
2026-05-18T17:29:00+02:00,Mo,17,Meidling,1.14
2026-05-18T17:30:00+02:00,Mo,17,Praterstern,0.00
2026-05-18T17:59:00+02:00,Mo,17,Meidling,2.00
2026-05-18T18:00:00+02:00,Mo,18,Praterstern,0.00
2026-05-18T18:29:00+02:00,Mo,18,Meidling,0.43
2026-05-18T18:30:00+02:00,Mo,18,Praterstern,0.57
2026-05-18T18:59:00+02:00,Mo,18,Meidling,0.14
2026-05-18T19:00:00+02:00,Mo,19,Praterstern,1.71
2026-05-18T19:29:00+02:00,Mo,19,Meidling,0.43
2026-05-18T19:30:00+02:00,Mo,19,Praterstern,0.57
2026-05-18T19:59:00+02:00,Mo,19,Meidling,0.57
2026-05-18T20:00:00+02:00,Mo,20,Praterstern,0.17
2026-05-18T20:29:00+02:00,Mo,20,Meidling,2.43
2026-05-18T20:30:00+02:00,Mo,20,Praterstern,0.14
2026-05-18T20:59:00+02:00,Mo,20,Meidling,1.14
2026-05-18T21:00:00+02:00,Mo,21,Praterstern,0.50
2026-05-18T21:29:00+02:00,Mo,21,Meidling,0.14
2026-05-18T21:30:00+02:00,Mo,21,Praterstern,0.14
2026-05-18T21:59:00+02:00,Mo,21,Meidling,0.00
2026-05-18T22:00:00+02:00,Mo,22,Praterstern,0.00
2026-05-18T22:29:00+02:00,Mo,22,Meidling,0.00
2026-05-18T22:30:00+02:00,Mo,22,Praterstern,0.29
2026-05-18T22:59:00+02:00,Mo,22,Meidling,0.67
2026-05-18T23:00:00+02:00,Mo,23,Praterstern,0.14
2026-05-18T23:29:00+02:00,Mo,23,Meidling,0.00
2026-05-18T23:30:00+02:00,Mo,23,Praterstern,0.20
2026-05-18T23:53:00+02:00,Mo,23,Meidling,0.00
2026-05-19T00:00:00+02:00,Di,00,Praterstern,0.00
2026-05-19T00:29:00+02:00,Di,00,Meidling,1.00
2026-05-19T00:27:00+02:00,Di,00,Praterstern,0.00
2026-05-19T00:47:00+02:00,Di,00,Meidling,0.33
2026-05-19T01:00:00+02:00,Di,01,Praterstern,1.50
2026-05-19T01:12:00+02:00,Di,01,Meidling,1.00
2026-05-19T01:27:00+02:00,Di,01,Praterstern,0.00
2026-05-19T01:39:00+02:00,Di,01,Praterstern,0.00
2026-05-19T04:29:00+02:00,Di,04,Meidling,0.00
2026-05-19T04:30:00+02:00,Di,04,Praterstern,0.00
2026-05-19T04:59:00+02:00,Di,04,Meidling,1.75
2026-05-19T05:00:00+02:00,Di,05,Praterstern,1.00
2026-05-19T05:29:00+02:00,Di,05,Meidling,0.67
2026-05-19T05:27:00+02:00,Di,05,Praterstern,2.25
2026-05-19T05:59:00+02:00,Di,05,Meidling,0.83
2026-05-19T06:00:00+02:00,Di,06,Praterstern,0.80
2026-05-19T06:29:00+02:00,Di,06,Meidling,0.00
2026-05-19T06:30:00+02:00,Di,06,Praterstern,1.33
2026-05-19T06:59:00+02:00,Di,06,Meidling,0.00
2026-05-19T07:00:00+02:00,Di,07,Praterstern,3.00
2026-05-19T07:29:00+02:00,Di,07,Meidling,0.71
2026-05-19T07:27:00+02:00,Di,07,Praterstern,2.67
2026-05-19T07:59:00+02:00,Di,07,Meidling,1.71
2026-05-19T08:00:00+02:00,Di,08,Praterstern,7.83
2026-05-19T08:29:00+02:00,Di,08,Meidling,3.57
2026-05-19T08:30:00+02:00,Di,08,Praterstern,7.43
2026-05-19T08:59:00+02:00,Di,08,Meidling,2.43
2026-05-19T09:00:00+02:00,Di,09,Praterstern,1.67
2026-05-19T09:29:00+02:00,Di,09,Meidling,0.50
2026-05-19T09:30:00+02:00,Di,09,Praterstern,2.43
2026-05-19T09:59:00+02:00,Di,09,Meidling,0.57
2026-05-19T10:00:00+02:00,Di,10,Praterstern,2.33
2026-05-19T10:29:00+02:00,Di,10,Meidling,1.40
2026-05-19T10:30:00+02:00,Di,10,Praterstern,2.00
2026-05-19T10:59:00+02:00,Di,10,Meidling,0.71
2026-05-19T11:00:00+02:00,Di,11,Praterstern,1.83
2026-05-19T11:29:00+02:00,Di,11,Meidling,0.00
2026-05-19T11:30:00+02:00,Di,11,Praterstern,0.86
2026-05-19T11:59:00+02:00,Di,11,Meidling,0.57
2026-05-19T12:00:00+02:00,Di,12,Praterstern,0.17
2026-05-19T12:29:00+02:00,Di,12,Meidling,1.20
2026-05-19T12:30:00+02:00,Di,12,Praterstern,0.43
2026-05-19T12:59:00+02:00,Di,12,Meidling,3.14
2026-05-19T13:00:00+02:00,Di,13,Praterstern,0.17
2026-05-19T13:29:00+02:00,Di,13,Meidling,1.00
2026-05-19T13:30:00+02:00,Di,13,Praterstern,0.29
2026-05-19T13:59:00+02:00,Di,13,Meidling,0.43
2026-05-19T14:00:00+02:00,Di,14,Praterstern,2.50
2026-05-19T14:29:00+02:00,Di,14,Meidling,0.17
2026-05-19T14:30:00+02:00,Di,14,Praterstern,1.86
2026-05-19T14:59:00+02:00,Di,14,Meidling,1.29
2026-05-19T15:00:00+02:00,Di,15,Praterstern,2.50
2026-05-19T15:29:00+02:00,Di,15,Meidling,5.57
2026-05-19T15:30:00+02:00,Di,15,Praterstern,0.67
2026-05-19T15:59:00+02:00,Di,15,Meidling,3.14
2026-05-19T16:00:00+02:00,Di,16,Praterstern,1.00
2026-05-19T16:29:00+02:00,Di,16,Meidling,1.43
2026-05-19T16:30:00+02:00,Di,16,Praterstern,1.33
2026-05-19T16:59:00+02:00,Di,16,Meidling,1.29
2026-05-19T17:00:00+02:00,Di,17,Praterstern,0.33
2026-05-19T17:29:00+02:00,Di,17,Meidling,6.00
2026-05-19T17:30:00+02:00,Di,17,Praterstern,0.14
2026-05-19T17:53:00+02:00,Di,17,Meidling,5.17
2026-05-19T18:00:00+02:00,Di,18,Praterstern,0.57
2026-05-19T18:23:00+02:00,Di,18,Meidling,2.00
2026-05-19T18:30:00+02:00,Di,18,Praterstern,1.57
2026-05-19T18:59:00+02:00,Di,18,Meidling,1.43
2026-05-19T19:00:00+02:00,Di,19,Praterstern,5.00
2026-05-19T19:29:00+02:00,Di,19,Meidling,4.00
2026-05-19T19:30:00+02:00,Di,19,Praterstern,2.20
2026-05-19T19:59:00+02:00,Di,19,Meidling,3.86
2026-05-19T20:00:00+02:00,Di,20,Praterstern,2.17
2026-05-19T20:29:00+02:00,Di,20,Meidling,1.86
2026-05-19T20:30:00+02:00,Di,20,Praterstern,3.29
2026-05-19T20:59:00+02:00,Di,20,Meidling,2.14
2026-05-19T21:00:00+02:00,Di,21,Praterstern,2.67
2026-05-19T21:29:00+02:00,Di,21,Meidling,0.83
2026-05-19T21:30:00+02:00,Di,21,Praterstern,0.86
2026-05-19T21:59:00+02:00,Di,21,Meidling,1.17
2026-05-19T22:00:00+02:00,Di,22,Praterstern,0.20
2026-05-19T22:29:00+02:00,Di,22,Meidling,1.25
2026-05-19T22:30:00+02:00,Di,22,Praterstern,1.43
2026-05-19T22:59:00+02:00,Di,22,Meidling,3.67
2026-05-19T23:00:00+02:00,Di,23,Praterstern,1.14
2026-05-19T23:29:00+02:00,Di,23,Meidling,0.75
2026-05-19T23:30:00+02:00,Di,23,Praterstern,0.40
2026-05-19T23:53:00+02:00,Di,23,Meidling,1.80
2026-05-20T00:00:00+02:00,Mi,00,Praterstern,0.80
2026-05-20T00:29:00+02:00,Mi,00,Meidling,1.40
2026-05-20T00:27:00+02:00,Mi,00,Praterstern,0.00
2026-05-20T00:47:00+02:00,Mi,00,Meidling,1.67
2026-05-20T01:00:00+02:00,Mi,01,Praterstern,0.00
2026-05-20T01:12:00+02:00,Mi,01,Meidling,0.00
2026-05-20T01:27:00+02:00,Mi,01,Praterstern,3.67
2026-05-20T01:39:00+02:00,Mi,01,Praterstern,0.00
2026-05-20T04:29:00+02:00,Mi,04,Meidling,0.00
2026-05-20T04:30:00+02:00,Mi,04,Praterstern,0.00
2026-05-20T04:59:00+02:00,Mi,04,Meidling,1.00
2026-05-20T04:57:00+02:00,Mi,04,Praterstern,5.00
2026-05-20T05:23:00+02:00,Mi,05,Meidling,0.50
2026-05-20T05:27:00+02:00,Mi,05,Praterstern,1.00
2026-05-20T05:59:00+02:00,Mi,05,Meidling,0.33
2026-05-20T06:00:00+02:00,Mi,06,Praterstern,0.40
2026-05-20T06:29:00+02:00,Mi,06,Meidling,1.00
2026-05-20T06:30:00+02:00,Mi,06,Praterstern,0.43
2026-05-20T06:59:00+02:00,Mi,06,Meidling,0.29
2026-05-20T07:00:00+02:00,Mi,07,Praterstern,0.71
2026-05-20T07:29:00+02:00,Mi,07,Meidling,0.71
2026-05-20T07:30:00+02:00,Mi,07,Praterstern,2.00
2026-05-20T07:59:00+02:00,Mi,07,Meidling,1.43
2026-05-20T08:00:00+02:00,Mi,08,Praterstern,3.67
2026-05-20T08:29:00+02:00,Mi,08,Meidling,1.50
2026-05-20T08:30:00+02:00,Mi,08,Praterstern,2.29
2026-05-20T08:59:00+02:00,Mi,08,Meidling,2.57
2026-05-20T09:00:00+02:00,Mi,09,Praterstern,0.57
2026-05-20T09:29:00+02:00,Mi,09,Meidling,0.25
2026-05-20T09:30:00+02:00,Mi,09,Praterstern,2.00
2026-05-20T09:59:00+02:00,Mi,09,Meidling,2.83
2026-05-20T10:00:00+02:00,Mi,10,Praterstern,4.00
2026-05-20T10:29:00+02:00,Mi,10,Meidling,1.80
2026-05-20T10:30:00+02:00,Mi,10,Praterstern,1.71
2026-05-20T10:59:00+02:00,Mi,10,Meidling,6.29
2026-05-20T11:00:00+02:00,Mi,11,Praterstern,5.60
2026-05-20T11:29:00+02:00,Mi,11,Meidling,2.20
2026-05-20T11:30:00+02:00,Mi,11,Praterstern,2.33
2026-05-20T11:59:00+02:00,Mi,11,Meidling,0.17
2026-05-20T12:00:00+02:00,Mi,12,Praterstern,1.33
2026-05-20T12:29:00+02:00,Mi,12,Meidling,0.80
2026-05-20T12:30:00+02:00,Mi,12,Praterstern,0.57
2026-05-20T12:59:00+02:00,Mi,12,Meidling,2.57
2026-05-20T13:00:00+02:00,Mi,13,Praterstern,0.20
2026-05-20T13:29:00+02:00,Mi,13,Meidling,1.60
2026-05-20T13:30:00+02:00,Mi,13,Praterstern,0.67
2026-05-20T13:59:00+02:00,Mi,13,Meidling,6.17
2026-05-20T14:00:00+02:00,Mi,14,Praterstern,0.17
2026-05-20T14:29:00+02:00,Mi,14,Meidling,2.00
2026-05-20T14:30:00+02:00,Mi,14,Praterstern,2.14
2026-05-20T14:59:00+02:00,Mi,14,Meidling,1.29
2026-05-20T15:00:00+02:00,Mi,15,Praterstern,0.40
2026-05-20T15:29:00+02:00,Mi,15,Meidling,0.67
2026-05-20T15:30:00+02:00,Mi,15,Praterstern,0.50
2026-05-20T15:59:00+02:00,Mi,15,Meidling,2.12
2026-05-20T16:00:00+02:00,Mi,16,Praterstern,0.83
2026-05-20T16:29:00+02:00,Mi,16,Meidling,4.43
2026-05-20T16:30:00+02:00,Mi,16,Praterstern,1.14
2026-05-20T16:59:00+02:00,Mi,16,Meidling,3.17
2026-05-20T17:00:00+02:00,Mi,17,Praterstern,1.57
2026-05-20T17:29:00+02:00,Mi,17,Meidling,1.71
2026-05-20T17:30:00+02:00,Mi,17,Praterstern,1.00
2026-05-20T17:59:00+02:00,Mi,17,Meidling,0.71
2026-05-20T18:00:00+02:00,Mi,18,Praterstern,1.57
2026-05-20T18:29:00+02:00,Mi,18,Meidling,4.86
2026-05-20T18:30:00+02:00,Mi,18,Praterstern,0.71
2026-05-20T18:59:00+02:00,Mi,18,Meidling,2.00
2026-05-20T19:00:00+02:00,Mi,19,Praterstern,0.14
2026-05-20T19:29:00+02:00,Mi,19,Meidling,3.57
2026-05-20T19:30:00+02:00,Mi,19,Praterstern,0.14
2026-05-20T19:59:00+02:00,Mi,19,Meidling,1.14
2026-05-20T20:00:00+02:00,Mi,20,Praterstern,1.67
2026-05-20T20:29:00+02:00,Mi,20,Meidling,0.71
2026-05-20T20:30:00+02:00,Mi,20,Praterstern,2.14
2026-05-20T20:59:00+02:00,Mi,20,Meidling,0.00
2026-05-20T21:00:00+02:00,Mi,21,Praterstern,0.17
2026-05-20T21:29:00+02:00,Mi,21,Meidling,0.67
2026-05-20T21:30:00+02:00,Mi,21,Praterstern,0.17
2026-05-20T21:59:00+02:00,Mi,21,Meidling,0.71
2026-05-20T22:00:00+02:00,Mi,22,Praterstern,5.17
2026-05-20T22:29:00+02:00,Mi,22,Meidling,0.75
2026-05-20T22:30:00+02:00,Mi,22,Praterstern,2.00
2026-05-20T22:59:00+02:00,Mi,22,Meidling,0.17
2026-05-20T23:00:00+02:00,Mi,23,Praterstern,0.14
2026-05-20T23:29:00+02:00,Mi,23,Meidling,0.25
2026-05-20T23:30:00+02:00,Mi,23,Praterstern,8.60
2026-05-20T23:59:00+02:00,Mi,23,Meidling,2.33
2026-05-21T00:00:00+02:00,Do,00,Praterstern,0.40
2026-05-21T00:29:00+02:00,Do,00,Meidling,0.00
2026-05-21T00:27:00+02:00,Do,00,Praterstern,0.00
2026-05-21T00:47:00+02:00,Do,00,Meidling,0.00
2026-05-21T01:00:00+02:00,Do,01,Praterstern,0.25
2026-05-21T01:12:00+02:00,Do,01,Meidling,0.00
2026-05-21T01:27:00+02:00,Do,01,Praterstern,0.00
2026-05-21T01:39:00+02:00,Do,01,Praterstern,0.00
2026-05-21T04:29:00+02:00,Do,04,Meidling,0.00
2026-05-21T04:30:00+02:00,Do,04,Praterstern,0.00
2026-05-21T04:59:00+02:00,Do,04,Meidling,0.25
2026-05-21T05:29:00+02:00,Do,05,Meidling,0.50
2026-05-21T05:20:00+02:00,Do,05,Praterstern,0.00
2026-05-21T05:59:00+02:00,Do,05,Meidling,0.00
2026-05-21T06:00:00+02:00,Do,06,Praterstern,0.40
2026-05-21T06:29:00+02:00,Do,06,Meidling,0.00
2026-05-21T06:30:00+02:00,Do,06,Praterstern,2.00
2026-05-21T06:59:00+02:00,Do,06,Meidling,0.00
2026-05-21T07:00:00+02:00,Do,07,Praterstern,1.43
2026-05-21T07:29:00+02:00,Do,07,Meidling,0.43
2026-05-21T07:30:00+02:00,Do,07,Praterstern,1.71
2026-05-21T07:59:00+02:00,Do,07,Meidling,2.57
2026-05-21T08:00:00+02:00,Do,08,Praterstern,1.43
2026-05-21T08:29:00+02:00,Do,08,Meidling,1.43
2026-05-21T08:30:00+02:00,Do,08,Praterstern,1.71
2026-05-21T08:59:00+02:00,Do,08,Meidling,4.43
2026-05-21T09:00:00+02:00,Do,09,Praterstern,1.00
2026-05-21T09:29:00+02:00,Do,09,Meidling,3.17
2026-05-21T09:30:00+02:00,Do,09,Praterstern,1.50
2026-05-21T09:59:00+02:00,Do,09,Meidling,1.00
2026-05-21T10:00:00+02:00,Do,10,Praterstern,0.17
2026-05-21T10:29:00+02:00,Do,10,Meidling,0.20
2026-05-21T10:30:00+02:00,Do,10,Praterstern,1.00
2026-05-21T10:59:00+02:00,Do,10,Meidling,0.86
2026-05-21T11:00:00+02:00,Do,11,Praterstern,0.33
2026-05-21T11:29:00+02:00,Do,11,Meidling,0.20
2026-05-21T11:27:00+02:00,Do,11,Praterstern,0.50
2026-05-21T11:59:00+02:00,Do,11,Meidling,0.43
2026-05-21T12:00:00+02:00,Do,12,Praterstern,1.83
2026-05-21T12:29:00+02:00,Do,12,Meidling,0.00
2026-05-21T12:30:00+02:00,Do,12,Praterstern,0.14
2026-05-21T12:59:00+02:00,Do,12,Meidling,0.29
2026-05-21T13:00:00+02:00,Do,13,Praterstern,4.50
2026-05-21T13:42:00+02:00,Do,13,Meidling,0.14
2026-05-21T15:30:00+02:00,Do,15,Praterstern,2.33
2026-05-21T15:59:00+02:00,Do,15,Meidling,0.75
2026-05-21T16:00:00+02:00,Do,16,Praterstern,0.50
2026-05-21T16:29:00+02:00,Do,16,Meidling,0.43
2026-05-21T16:30:00+02:00,Do,16,Praterstern,3.40
2026-05-21T16:59:00+02:00,Do,16,Meidling,0.57
2026-05-21T17:00:00+02:00,Do,17,Praterstern,1.29
2026-05-21T17:29:00+02:00,Do,17,Meidling,1.14
2026-05-21T17:30:00+02:00,Do,17,Praterstern,0.67
2026-05-21T17:59:00+02:00,Do,17,Meidling,1.43
2026-05-21T18:00:00+02:00,Do,18,Praterstern,2.86
2026-05-21T18:29:00+02:00,Do,18,Meidling,1.67
2026-05-21T18:30:00+02:00,Do,18,Praterstern,1.71
2026-05-21T18:59:00+02:00,Do,18,Meidling,1.57
2026-05-21T19:00:00+02:00,Do,19,Praterstern,1.50
2026-05-21T19:29:00+02:00,Do,19,Meidling,2.29
2026-05-21T19:30:00+02:00,Do,19,Praterstern,0.57
2026-05-21T19:59:00+02:00,Do,19,Meidling,4.00
2026-05-21T20:00:00+02:00,Do,20,Praterstern,1.17
2026-05-21T20:29:00+02:00,Do,20,Meidling,1.71
2026-05-21T20:30:00+02:00,Do,20,Praterstern,1.86
2026-05-21T20:59:00+02:00,Do,20,Meidling,4.57
2026-05-21T21:00:00+02:00,Do,21,Praterstern,0.33
2026-05-21T21:29:00+02:00,Do,21,Meidling,2.86
2026-05-21T21:30:00+02:00,Do,21,Praterstern,0.57
2026-05-21T21:59:00+02:00,Do,21,Meidling,0.57
2026-05-21T22:00:00+02:00,Do,22,Praterstern,0.83
2026-05-21T22:29:00+02:00,Do,22,Meidling,0.00
2026-05-21T22:30:00+02:00,Do,22,Praterstern,2.86
2026-05-21T22:59:00+02:00,Do,22,Meidling,1.00
2026-05-21T23:00:00+02:00,Do,23,Praterstern,1.67
2026-05-21T23:29:00+02:00,Do,23,Meidling,0.00
2026-05-21T23:30:00+02:00,Do,23,Praterstern,3.50
2026-05-21T23:59:00+02:00,Do,23,Meidling,2.67
2026-05-22T00:00:00+02:00,Fr,00,Praterstern,0.20
2026-05-22T00:29:00+02:00,Fr,00,Meidling,1.60
2026-05-22T00:27:00+02:00,Fr,00,Praterstern,0.00
2026-05-22T00:47:00+02:00,Fr,00,Meidling,0.67
2026-05-22T01:00:00+02:00,Fr,01,Praterstern,0.50
2026-05-22T01:12:00+02:00,Fr,01,Meidling,2.00
2026-05-22T01:27:00+02:00,Fr,01,Praterstern,0.00
2026-05-22T01:39:00+02:00,Fr,01,Praterstern,0.00
2026-05-22T04:29:00+02:00,Fr,04,Meidling,0.00
2026-05-22T04:30:00+02:00,Fr,04,Praterstern,0.00
2026-05-22T04:53:00+02:00,Fr,04,Meidling,0.00
2026-05-22T05:00:00+02:00,Fr,05,Praterstern,0.00
2026-05-22T05:29:00+02:00,Fr,05,Meidling,5.14
2026-05-22T05:27:00+02:00,Fr,05,Praterstern,0.00
2026-05-22T05:59:00+02:00,Fr,05,Meidling,3.00
2026-05-22T06:00:00+02:00,Fr,06,Praterstern,0.00
2026-05-22T06:29:00+02:00,Fr,06,Meidling,2.17
2026-05-22T06:30:00+02:00,Fr,06,Praterstern,0.86
2026-05-22T06:59:00+02:00,Fr,06,Meidling,1.71
2026-05-22T07:00:00+02:00,Fr,07,Praterstern,0.67
2026-05-22T07:29:00+02:00,Fr,07,Meidling,0.71
2026-05-22T07:30:00+02:00,Fr,07,Praterstern,1.57
2026-05-22T07:59:00+02:00,Fr,07,Meidling,2.86
2026-05-22T08:00:00+02:00,Fr,08,Praterstern,2.57
2026-05-22T08:29:00+02:00,Fr,08,Meidling,3.00
2026-05-22T08:30:00+02:00,Fr,08,Praterstern,4.50
2026-05-22T08:59:00+02:00,Fr,08,Meidling,1.57
2026-05-22T09:00:00+02:00,Fr,09,Praterstern,2.29
2026-05-22T09:29:00+02:00,Fr,09,Meidling,0.83
2026-05-22T09:30:00+02:00,Fr,09,Praterstern,0.40
2026-05-22T09:59:00+02:00,Fr,09,Meidling,1.57
2026-05-22T10:00:00+02:00,Fr,10,Praterstern,0.17
2026-05-22T10:29:00+02:00,Fr,10,Meidling,1.20
2026-05-22T10:30:00+02:00,Fr,10,Praterstern,0.14
2026-05-22T10:59:00+02:00,Fr,10,Meidling,0.86
2026-05-22T11:00:00+02:00,Fr,11,Praterstern,0.83
2026-05-22T11:29:00+02:00,Fr,11,Meidling,0.20
2026-05-22T11:30:00+02:00,Fr,11,Praterstern,1.00
2026-05-22T11:59:00+02:00,Fr,11,Meidling,0.71
2026-05-22T12:00:00+02:00,Fr,12,Praterstern,0.17
2026-05-22T12:29:00+02:00,Fr,12,Meidling,0.20
2026-05-22T12:30:00+02:00,Fr,12,Praterstern,0.43
2026-05-22T12:59:00+02:00,Fr,12,Meidling,1.29
2026-05-22T13:00:00+02:00,Fr,13,Praterstern,0.50
2026-05-22T13:29:00+02:00,Fr,13,Meidling,0.80
2026-05-22T13:30:00+02:00,Fr,13,Praterstern,0.29
2026-05-22T13:59:00+02:00,Fr,13,Meidling,0.14
2026-05-22T14:00:00+02:00,Fr,14,Praterstern,0.50
2026-05-22T14:29:00+02:00,Fr,14,Meidling,0.71
2026-05-22T14:30:00+02:00,Fr,14,Praterstern,0.57
2026-05-22T14:59:00+02:00,Fr,14,Meidling,1.71
2026-05-22T15:00:00+02:00,Fr,15,Praterstern,0.00
2026-05-22T15:29:00+02:00,Fr,15,Meidling,1.14
2026-05-22T15:30:00+02:00,Fr,15,Praterstern,0.71
2026-05-22T15:59:00+02:00,Fr,15,Meidling,0.88
2026-05-22T16:00:00+02:00,Fr,16,Praterstern,0.33
2026-05-22T16:29:00+02:00,Fr,16,Meidling,1.00
2026-05-22T16:30:00+02:00,Fr,16,Praterstern,0.14
2026-05-22T16:59:00+02:00,Fr,16,Meidling,0.71
2026-05-22T17:00:00+02:00,Fr,17,Praterstern,0.29
2026-05-22T17:29:00+02:00,Fr,17,Meidling,0.43
2026-05-22T17:27:00+02:00,Fr,17,Praterstern,0.17
2026-05-22T17:59:00+02:00,Fr,17,Meidling,2.29
2026-05-22T18:00:00+02:00,Fr,18,Praterstern,0.29
2026-05-22T18:29:00+02:00,Fr,18,Meidling,2.14
2026-05-22T18:30:00+02:00,Fr,18,Praterstern,0.14
2026-05-22T18:59:00+02:00,Fr,18,Meidling,1.57
2026-05-22T19:00:00+02:00,Fr,19,Praterstern,0.14
2026-05-22T19:29:00+02:00,Fr,19,Meidling,0.57
2026-05-22T19:30:00+02:00,Fr,19,Praterstern,0.29
2026-05-22T19:59:00+02:00,Fr,19,Meidling,0.86
2026-05-22T20:00:00+02:00,Fr,20,Praterstern,0.17
2026-05-22T20:29:00+02:00,Fr,20,Meidling,0.86
2026-05-22T20:30:00+02:00,Fr,20,Praterstern,0.43
2026-05-22T20:59:00+02:00,Fr,20,Meidling,1.57
2026-05-22T21:00:00+02:00,Fr,21,Praterstern,0.17
2026-05-22T21:29:00+02:00,Fr,21,Meidling,0.00
2026-05-22T21:30:00+02:00,Fr,21,Praterstern,0.00
2026-05-22T21:59:00+02:00,Fr,21,Meidling,0.86
2026-05-22T22:00:00+02:00,Fr,22,Praterstern,0.17
2026-05-22T22:29:00+02:00,Fr,22,Meidling,0.60
2026-05-22T22:30:00+02:00,Fr,22,Praterstern,0.14
2026-05-22T22:59:00+02:00,Fr,22,Meidling,0.50
2026-05-22T23:00:00+02:00,Fr,23,Praterstern,0.14
2026-05-22T23:29:00+02:00,Fr,23,Meidling,0.00
2026-05-22T23:30:00+02:00,Fr,23,Praterstern,0.17
2026-05-22T23:59:00+02:00,Fr,23,Meidling,0.00
2026-05-23T00:00:00+02:00,Sa,00,Praterstern,0.80
2026-05-23T00:29:00+02:00,Sa,00,Meidling,0.00
2026-05-23T00:27:00+02:00,Sa,00,Praterstern,1.00
2026-05-23T00:53:00+02:00,Sa,00,Meidling,0.00
2026-05-23T01:00:00+02:00,Sa,01,Praterstern,0.25
2026-05-23T01:12:00+02:00,Sa,01,Meidling,2.00
2026-05-23T01:27:00+02:00,Sa,01,Praterstern,2.33
2026-05-23T01:42:00+02:00,Sa,01,Meidling,0.00
2026-05-23T01:39:00+02:00,Sa,01,Praterstern,0.00
2026-05-23T02:12:00+02:00,Sa,02,Meidling,3.00
2026-05-23T02:09:00+02:00,Sa,02,Praterstern,0.00
2026-05-23T02:42:00+02:00,Sa,02,Meidling,0.00
2026-05-23T02:39:00+02:00,Sa,02,Praterstern,0.00
2026-05-23T03:12:00+02:00,Sa,03,Meidling,0.00
2026-05-23T03:09:00+02:00,Sa,03,Praterstern,0.00
2026-05-23T03:42:00+02:00,Sa,03,Meidling,0.00
2026-05-23T03:39:00+02:00,Sa,03,Praterstern,0.00
2026-05-23T04:29:00+02:00,Sa,04,Meidling,0.00
2026-05-23T04:09:00+02:00,Sa,04,Praterstern,0.00
2026-05-23T04:42:00+02:00,Sa,04,Meidling,1.67
2026-05-23T04:57:00+02:00,Sa,04,Praterstern,2.50
2026-05-23T05:23:00+02:00,Sa,05,Meidling,0.00
2026-05-23T05:27:00+02:00,Sa,05,Praterstern,0.50
2026-05-23T05:59:00+02:00,Sa,05,Meidling,3.00
2026-05-23T06:00:00+02:00,Sa,06,Praterstern,0.25
2026-05-23T06:29:00+02:00,Sa,06,Meidling,2.29
2026-05-23T06:30:00+02:00,Sa,06,Praterstern,2.17
2026-05-23T06:59:00+02:00,Sa,06,Meidling,0.17
2026-05-23T07:00:00+02:00,Sa,07,Praterstern,0.20
2026-05-23T07:29:00+02:00,Sa,07,Meidling,1.00
2026-05-23T07:30:00+02:00,Sa,07,Praterstern,0.00
2026-05-23T07:59:00+02:00,Sa,07,Meidling,0.00
2026-05-23T08:00:00+02:00,Sa,08,Praterstern,0.00
2026-05-23T08:29:00+02:00,Sa,08,Meidling,1.00
2026-05-23T08:30:00+02:00,Sa,08,Praterstern,0.17
2026-05-23T08:59:00+02:00,Sa,08,Meidling,1.00
2026-05-23T09:00:00+02:00,Sa,09,Praterstern,0.00
2026-05-23T09:29:00+02:00,Sa,09,Meidling,0.80
2026-05-23T09:30:00+02:00,Sa,09,Praterstern,1.50
2026-05-23T09:59:00+02:00,Sa,09,Meidling,0.00
2026-05-23T10:00:00+02:00,Sa,10,Praterstern,0.40
2026-05-23T10:29:00+02:00,Sa,10,Meidling,0.75
2026-05-23T10:30:00+02:00,Sa,10,Praterstern,1.00
2026-05-23T10:59:00+02:00,Sa,10,Meidling,1.17
2026-05-23T11:00:00+02:00,Sa,11,Praterstern,0.00
2026-05-23T11:29:00+02:00,Sa,11,Meidling,0.00
2026-05-23T11:30:00+02:00,Sa,11,Praterstern,1.33
2026-05-23T11:59:00+02:00,Sa,11,Meidling,0.00
2026-05-23T12:00:00+02:00,Sa,12,Praterstern,0.20
2026-05-23T12:29:00+02:00,Sa,12,Meidling,0.00
2026-05-23T12:30:00+02:00,Sa,12,Praterstern,1.33
2026-05-23T12:59:00+02:00,Sa,12,Meidling,3.17
2026-05-23T13:00:00+02:00,Sa,13,Praterstern,0.40
2026-05-23T13:29:00+02:00,Sa,13,Meidling,0.25
2026-05-23T13:30:00+02:00,Sa,13,Praterstern,0.17
2026-05-23T14:12:00+02:00,Sa,14,Meidling,0.12
2026-05-23T14:15:00+02:00,Sa,14,Praterstern,0.25
2026-05-23T14:29:00+02:00,Sa,14,Meidling,0.50
2026-05-23T14:30:00+02:00,Sa,14,Praterstern,0.33
2026-05-23T14:59:00+02:00,Sa,14,Meidling,1.71
2026-05-23T15:00:00+02:00,Sa,15,Praterstern,0.20
2026-05-23T15:29:00+02:00,Sa,15,Meidling,0.50
2026-05-23T15:30:00+02:00,Sa,15,Praterstern,4.00
2026-05-23T15:59:00+02:00,Sa,15,Meidling,10.14
2026-05-23T16:00:00+02:00,Sa,16,Praterstern,2.00
2026-05-23T16:12:00+02:00,Sa,16,Meidling,6.00
2026-05-23T16:30:00+02:00,Sa,16,Praterstern,2.00
2026-05-23T16:59:00+02:00,Sa,16,Meidling,0.00
2026-05-23T17:00:00+02:00,Sa,17,Praterstern,7.50
2026-05-23T17:29:00+02:00,Sa,17,Meidling,0.50
2026-05-23T17:30:00+02:00,Sa,17,Praterstern,0.60
2026-05-23T17:59:00+02:00,Sa,17,Meidling,0.00
2026-05-23T18:00:00+02:00,Sa,18,Praterstern,0.17
2026-05-23T18:29:00+02:00,Sa,18,Meidling,1.25
2026-05-23T18:30:00+02:00,Sa,18,Praterstern,0.17
2026-05-23T18:59:00+02:00,Sa,18,Meidling,3.83
2026-05-23T19:00:00+02:00,Sa,19,Praterstern,0.00
2026-05-23T19:29:00+02:00,Sa,19,Meidling,0.20
2026-05-23T19:30:00+02:00,Sa,19,Praterstern,0.00
2026-05-23T19:59:00+02:00,Sa,19,Meidling,1.00
2026-05-23T20:00:00+02:00,Sa,20,Praterstern,0.50
2026-05-23T20:29:00+02:00,Sa,20,Meidling,0.00
2026-05-23T20:30:00+02:00,Sa,20,Praterstern,0.33
2026-05-23T20:59:00+02:00,Sa,20,Meidling,0.00
2026-05-23T21:00:00+02:00,Sa,21,Praterstern,4.67
2026-05-23T21:29:00+02:00,Sa,21,Meidling,0.40
2026-05-23T21:30:00+02:00,Sa,21,Praterstern,0.67
2026-05-23T21:59:00+02:00,Sa,21,Meidling,0.83
2026-05-23T22:00:00+02:00,Sa,22,Praterstern,1.75
2026-05-23T22:29:00+02:00,Sa,22,Meidling,0.40
2026-05-23T22:30:00+02:00,Sa,22,Praterstern,3.33
2026-05-23T22:59:00+02:00,Sa,22,Meidling,0.33
2026-05-23T23:00:00+02:00,Sa,23,Praterstern,0.00
2026-05-23T23:29:00+02:00,Sa,23,Meidling,6.25
2026-05-23T23:30:00+02:00,Sa,23,Praterstern,0.83
2026-05-23T23:47:00+02:00,Sa,23,Meidling,1.75
2026-05-23T23:50:00+02:00,Sa,23,Praterstern,2.00
2026-05-23T23:59:00+02:00,Sa,23,Meidling,2.00
2026-05-24T00:00:00+02:00,So,00,Praterstern,1.00
2026-05-24T00:29:00+02:00,So,00,Meidling,0.20
2026-05-24T00:27:00+02:00,So,00,Praterstern,9.75
2026-05-24T00:47:00+02:00,So,00,Meidling,0.00
2026-05-24T00:45:00+02:00,So,00,Praterstern,0.50
2026-05-24T00:53:00+02:00,So,00,Meidling,0.00
2026-05-24T01:00:00+02:00,So,01,Praterstern,5.00
2026-05-24T01:12:00+02:00,So,01,Meidling,0.00
2026-05-24T01:27:00+02:00,So,01,Praterstern,0.00
2026-05-24T01:42:00+02:00,So,01,Meidling,0.00
2026-05-24T01:39:00+02:00,So,01,Praterstern,0.00
2026-05-24T02:12:00+02:00,So,02,Meidling,0.00
2026-05-24T02:09:00+02:00,So,02,Praterstern,0.00
2026-05-24T02:42:00+02:00,So,02,Meidling,2.00
2026-05-24T02:39:00+02:00,So,02,Praterstern,0.00
2026-05-24T03:12:00+02:00,So,03,Meidling,0.00
2026-05-24T03:09:00+02:00,So,03,Praterstern,2.00
2026-05-24T03:42:00+02:00,So,03,Meidling,0.00
2026-05-24T03:39:00+02:00,So,03,Praterstern,0.00
2026-05-24T04:29:00+02:00,So,04,Meidling,0.00
2026-05-24T04:09:00+02:00,So,04,Praterstern,0.00
2026-05-24T04:50:00+02:00,So,04,Meidling,0.00
2026-05-24T04:39:00+02:00,So,04,Praterstern,0.00
2026-05-24T05:29:00+02:00,So,05,Meidling,0.00
2026-05-24T05:27:00+02:00,So,05,Praterstern,0.00
2026-05-24T05:59:00+02:00,So,05,Meidling,0.00
2026-05-24T06:00:00+02:00,So,06,Praterstern,0.00
2026-05-24T06:29:00+02:00,So,06,Meidling,0.00
2026-05-24T06:30:00+02:00,So,06,Praterstern,2.50
2026-05-24T06:59:00+02:00,So,06,Meidling,0.00
2026-05-24T07:00:00+02:00,So,07,Praterstern,0.00
2026-05-24T07:29:00+02:00,So,07,Meidling,0.17
2026-05-24T07:30:00+02:00,So,07,Praterstern,0.20
2026-05-24T07:59:00+02:00,So,07,Meidling,0.00
2026-05-24T08:00:00+02:00,So,08,Praterstern,0.00
2026-05-24T08:29:00+02:00,So,08,Meidling,4.17
2026-05-24T08:30:00+02:00,So,08,Praterstern,0.17
2026-05-24T08:59:00+02:00,So,08,Meidling,0.29
2026-05-24T09:00:00+02:00,So,09,Praterstern,0.00
2026-05-24T09:29:00+02:00,So,09,Meidling,0.20
2026-05-24T09:30:00+02:00,So,09,Praterstern,0.17
2026-05-24T09:59:00+02:00,So,09,Meidling,0.20
2026-05-24T10:00:00+02:00,So,10,Praterstern,0.00
2026-05-24T10:29:00+02:00,So,10,Meidling,0.25
2026-05-24T10:30:00+02:00,So,10,Praterstern,0.50
2026-05-24T10:59:00+02:00,So,10,Meidling,0.00
2026-05-24T11:00:00+02:00,So,11,Praterstern,0.00
2026-05-24T11:29:00+02:00,So,11,Meidling,0.00
2026-05-24T11:30:00+02:00,So,11,Praterstern,0.50
2026-05-24T11:59:00+02:00,So,11,Meidling,0.00
2026-05-24T12:00:00+02:00,So,12,Praterstern,0.20
2026-05-24T12:29:00+02:00,So,12,Meidling,0.00
2026-05-24T12:30:00+02:00,So,12,Praterstern,0.33
2026-05-24T12:59:00+02:00,So,12,Meidling,0.33
2026-05-24T13:00:00+02:00,So,13,Praterstern,0.20
2026-05-24T13:29:00+02:00,So,13,Meidling,0.00
2026-05-24T13:27:00+02:00,So,13,Praterstern,0.60
2026-05-24T13:59:00+02:00,So,13,Meidling,0.00
2026-05-24T14:00:00+02:00,So,14,Praterstern,0.40
2026-05-24T14:17:00+02:00,So,14,Meidling,6.67
2026-05-24T14:30:00+02:00,So,14,Praterstern,0.33
2026-05-24T14:59:00+02:00,So,14,Meidling,0.40
2026-05-24T15:00:00+02:00,So,15,Praterstern,0.00
2026-05-24T15:29:00+02:00,So,15,Meidling,0.25
2026-05-24T15:30:00+02:00,So,15,Praterstern,0.50
2026-05-24T15:59:00+02:00,So,15,Meidling,0.71
2026-05-24T16:00:00+02:00,So,16,Praterstern,4.00
2026-05-24T16:29:00+02:00,So,16,Meidling,0.25
2026-05-24T16:30:00+02:00,So,16,Praterstern,0.50
2026-05-24T16:59:00+02:00,So,16,Meidling,0.29
2026-05-24T17:00:00+02:00,So,17,Praterstern,0.60
2026-05-24T17:29:00+02:00,So,17,Meidling,0.50
2026-05-24T17:30:00+02:00,So,17,Praterstern,0.67
2026-05-24T17:59:00+02:00,So,17,Meidling,3.29
2026-05-24T18:00:00+02:00,So,18,Praterstern,1.50
2026-05-24T18:29:00+02:00,So,18,Meidling,2.50
2026-05-24T18:30:00+02:00,So,18,Praterstern,5.17
2026-05-24T18:59:00+02:00,So,18,Meidling,1.00
2026-05-24T19:00:00+02:00,So,19,Praterstern,0.80
2026-05-24T19:29:00+02:00,So,19,Meidling,1.20
2026-05-24T19:30:00+02:00,So,19,Praterstern,0.33
2026-05-24T19:59:00+02:00,So,19,Meidling,1.43
2026-05-24T20:00:00+02:00,So,20,Praterstern,1.67
2026-05-24T20:29:00+02:00,So,20,Meidling,0.40
2026-05-24T20:30:00+02:00,So,20,Praterstern,1.00
2026-05-24T20:59:00+02:00,So,20,Meidling,1.50
2026-05-24T21:00:00+02:00,So,21,Praterstern,1.33
2026-05-24T21:29:00+02:00,So,21,Meidling,0.20
2026-05-24T21:30:00+02:00,So,21,Praterstern,0.33
2026-05-24T21:59:00+02:00,So,21,Meidling,0.67
2026-05-24T22:00:00+02:00,So,22,Praterstern,0.40
2026-05-24T22:29:00+02:00,So,22,Meidling,0.40
2026-05-24T22:30:00+02:00,So,22,Praterstern,0.00
2026-05-24T22:59:00+02:00,So,22,Meidling,0.17
2026-05-24T23:00:00+02:00,So,23,Praterstern,0.00
2026-05-24T23:29:00+02:00,So,23,Meidling,0.25
2026-05-24T23:30:00+02:00,So,23,Praterstern,0.50
2026-05-24T23:59:00+02:00,So,23,Meidling,0.00
2026-05-25T00:00:00+02:00,Mo,00,Praterstern,0.20
2026-05-25T00:29:00+02:00,Mo,00,Meidling,0.00
2026-05-25T00:27:00+02:00,Mo,00,Praterstern,1.25
2026-05-25T00:53:00+02:00,Mo,00,Meidling,0.00
2026-05-25T01:00:00+02:00,Mo,01,Praterstern,0.00
2026-05-25T01:12:00+02:00,Mo,01,Meidling,14.00
2026-05-25T01:27:00+02:00,Mo,01,Praterstern,0.00
2026-05-25T01:42:00+02:00,Mo,01,Meidling,0.00
2026-05-25T01:39:00+02:00,Mo,01,Praterstern,0.00
2026-05-25T02:12:00+02:00,Mo,02,Meidling,0.00
2026-05-25T02:09:00+02:00,Mo,02,Praterstern,0.00
2026-05-25T02:42:00+02:00,Mo,02,Meidling,0.00
2026-05-25T02:39:00+02:00,Mo,02,Praterstern,0.00
2026-05-25T03:12:00+02:00,Mo,03,Meidling,3.00
2026-05-25T03:09:00+02:00,Mo,03,Praterstern,0.00
2026-05-25T03:42:00+02:00,Mo,03,Meidling,0.00
2026-05-25T03:39:00+02:00,Mo,03,Praterstern,0.00
2026-05-25T04:29:00+02:00,Mo,04,Meidling,1.50
2026-05-25T04:09:00+02:00,Mo,04,Praterstern,0.00
2026-05-25T04:53:00+02:00,Mo,04,Meidling,0.60
2026-05-25T04:57:00+02:00,Mo,04,Praterstern,2.00
2026-05-25T05:23:00+02:00,Mo,05,Meidling,0.00
2026-05-25T05:27:00+02:00,Mo,05,Praterstern,0.00
2026-05-25T05:59:00+02:00,Mo,05,Meidling,0.00
2026-05-25T06:00:00+02:00,Mo,06,Praterstern,2.00
2026-05-25T06:29:00+02:00,Mo,06,Meidling,0.50
2026-05-25T06:30:00+02:00,Mo,06,Praterstern,0.25
2026-05-25T06:59:00+02:00,Mo,06,Meidling,0.33
2026-05-25T07:00:00+02:00,Mo,07,Praterstern,1.50
2026-05-25T07:29:00+02:00,Mo,07,Meidling,0.00
2026-05-25T07:30:00+02:00,Mo,07,Praterstern,0.60
2026-05-25T07:59:00+02:00,Mo,07,Meidling,0.33
2026-05-25T08:00:00+02:00,Mo,08,Praterstern,0.00
2026-05-25T08:29:00+02:00,Mo,08,Meidling,1.83
2026-05-25T08:30:00+02:00,Mo,08,Praterstern,0.00
2026-05-25T08:59:00+02:00,Mo,08,Meidling,0.43
2026-05-25T09:00:00+02:00,Mo,09,Praterstern,0.20
2026-05-25T09:29:00+02:00,Mo,09,Meidling,0.40
2026-05-25T09:30:00+02:00,Mo,09,Praterstern,0.17
2026-05-25T09:59:00+02:00,Mo,09,Meidling,0.00
2026-05-25T10:00:00+02:00,Mo,10,Praterstern,0.40
2026-05-25T10:12:00+02:00,Mo,10,Meidling,0.00
2026-05-25T10:15:00+02:00,Mo,10,Praterstern,0.00
2026-05-25T10:29:00+02:00,Mo,10,Meidling,1.00
2026-05-25T10:30:00+02:00,Mo,10,Praterstern,0.33
2026-05-25T10:59:00+02:00,Mo,10,Meidling,0.33
2026-05-25T11:00:00+02:00,Mo,11,Praterstern,0.40
2026-05-25T11:29:00+02:00,Mo,11,Meidling,0.00
2026-05-25T11:30:00+02:00,Mo,11,Praterstern,1.33
2026-05-25T11:59:00+02:00,Mo,11,Meidling,0.33
2026-05-25T12:00:00+02:00,Mo,12,Praterstern,0.20
2026-05-25T12:29:00+02:00,Mo,12,Meidling,1.75
2026-05-25T12:30:00+02:00,Mo,12,Praterstern,2.00
2026-05-25T13:12:00+02:00,Mo,13,Meidling,0.00
2026-05-25T13:30:00+02:00,Mo,13,Praterstern,0.22
2026-05-25T13:59:00+02:00,Mo,13,Meidling,1.17
2026-05-25T14:00:00+02:00,Mo,14,Praterstern,0.20
2026-05-25T14:29:00+02:00,Mo,14,Meidling,0.25
2026-05-25T14:30:00+02:00,Mo,14,Praterstern,0.33
2026-05-25T14:59:00+02:00,Mo,14,Meidling,0.43
2026-05-25T15:00:00+02:00,Mo,15,Praterstern,0.20
2026-05-25T15:29:00+02:00,Mo,15,Meidling,3.75
2026-05-25T15:27:00+02:00,Mo,15,Praterstern,0.00
2026-05-25T15:59:00+02:00,Mo,15,Meidling,0.00
2026-05-25T16:00:00+02:00,Mo,16,Praterstern,0.20
2026-05-25T16:29:00+02:00,Mo,16,Meidling,0.50
2026-05-25T16:30:00+02:00,Mo,16,Praterstern,0.00
2026-05-25T16:59:00+02:00,Mo,16,Meidling,0.86
2026-05-25T17:00:00+02:00,Mo,17,Praterstern,2.20
2026-05-25T17:29:00+02:00,Mo,17,Meidling,0.25
2026-05-25T17:27:00+02:00,Mo,17,Praterstern,-0.17
2026-05-25T17:59:00+02:00,Mo,17,Meidling,0.29
2026-05-25T18:00:00+02:00,Mo,18,Praterstern,2.67
2026-05-25T18:17:00+02:00,Mo,18,Meidling,0.00
2026-05-25T18:30:00+02:00,Mo,18,Praterstern,6.00
2026-05-25T18:59:00+02:00,Mo,18,Meidling,0.43
2026-05-25T19:00:00+02:00,Mo,19,Praterstern,9.20
2026-05-25T19:29:00+02:00,Mo,19,Meidling,1.75
2026-05-25T19:30:00+02:00,Mo,19,Praterstern,3.83
2026-05-25T19:59:00+02:00,Mo,19,Meidling,0.40
2026-05-25T20:00:00+02:00,Mo,20,Praterstern,3.17
2026-05-25T20:29:00+02:00,Mo,20,Meidling,1.20
2026-05-25T20:30:00+02:00,Mo,20,Praterstern,1.20
2026-05-25T20:59:00+02:00,Mo,20,Meidling,2.67
2026-05-25T21:00:00+02:00,Mo,21,Praterstern,2.00
2026-05-25T21:29:00+02:00,Mo,21,Meidling,0.40
2026-05-25T21:30:00+02:00,Mo,21,Praterstern,0.50
2026-05-25T21:59:00+02:00,Mo,21,Meidling,1.00
2026-05-25T22:00:00+02:00,Mo,22,Praterstern,0.20
2026-05-25T22:29:00+02:00,Mo,22,Meidling,0.60
2026-05-25T22:30:00+02:00,Mo,22,Praterstern,0.00
2026-05-25T22:53:00+02:00,Mo,22,Meidling,1.00
2026-05-25T23:00:00+02:00,Mo,23,Praterstern,2.67
2026-05-25T23:29:00+02:00,Mo,23,Meidling,0.25
2026-05-25T23:30:00+02:00,Mo,23,Praterstern,0.33
2026-05-25T23:59:00+02:00,Mo,23,Meidling,0.17
2026-05-26T00:00:00+02:00,Di,00,Praterstern,0.40
2026-05-26T00:29:00+02:00,Di,00,Meidling,0.00
2026-05-26T00:27:00+02:00,Di,00,Praterstern,0.67
2026-05-26T00:47:00+02:00,Di,00,Meidling,7.33
2026-05-26T01:00:00+02:00,Di,01,Praterstern,0.25
2026-05-26T01:12:00+02:00,Di,01,Meidling,4.00
2026-05-26T01:27:00+02:00,Di,01,Praterstern,0.00
2026-05-26T01:39:00+02:00,Di,01,Praterstern,0.00
2026-05-26T04:29:00+02:00,Di,04,Meidling,0.00
2026-05-26T04:30:00+02:00,Di,04,Praterstern,0.00
2026-05-26T04:42:00+02:00,Di,04,Meidling,0.33
2026-05-26T05:23:00+02:00,Di,05,Meidling,0.25
2026-05-26T05:20:00+02:00,Di,05,Praterstern,1.00
2026-05-26T05:59:00+02:00,Di,05,Meidling,0.86
2026-05-26T06:00:00+02:00,Di,06,Praterstern,0.00
2026-05-26T06:29:00+02:00,Di,06,Meidling,0.83
2026-05-26T06:30:00+02:00,Di,06,Praterstern,0.57
2026-05-26T06:59:00+02:00,Di,06,Meidling,0.71
2026-05-26T07:00:00+02:00,Di,07,Praterstern,0.57
2026-05-26T07:29:00+02:00,Di,07,Meidling,1.75
2026-05-26T07:30:00+02:00,Di,07,Praterstern,1.83
2026-05-26T07:59:00+02:00,Di,07,Meidling,1.57
2026-05-26T08:00:00+02:00,Di,08,Praterstern,1.43
2026-05-26T08:29:00+02:00,Di,08,Meidling,1.57
2026-05-26T08:27:00+02:00,Di,08,Praterstern,0.83
2026-05-26T08:59:00+02:00,Di,08,Meidling,6.86
2026-05-26T09:00:00+02:00,Di,09,Praterstern,1.71
2026-05-26T09:29:00+02:00,Di,09,Meidling,2.50
2026-05-26T09:30:00+02:00,Di,09,Praterstern,1.71
2026-05-26T09:59:00+02:00,Di,09,Meidling,1.43
2026-05-26T10:00:00+02:00,Di,10,Praterstern,0.33
2026-05-26T10:29:00+02:00,Di,10,Meidling,1.20
2026-05-26T10:30:00+02:00,Di,10,Praterstern,0.43
2026-05-26T10:59:00+02:00,Di,10,Meidling,1.57
2026-05-26T11:00:00+02:00,Di,11,Praterstern,0.17
2026-05-26T11:29:00+02:00,Di,11,Meidling,1.60
2026-05-26T11:27:00+02:00,Di,11,Praterstern,2.86
2026-05-26T11:59:00+02:00,Di,11,Meidling,0.71
2026-05-26T12:00:00+02:00,Di,12,Praterstern,0.33
2026-05-26T12:29:00+02:00,Di,12,Meidling,0.20
2026-05-26T12:30:00+02:00,Di,12,Praterstern,0.43
2026-05-26T14:59:00+02:00,Di,14,Meidling,0.90
2026-05-26T13:15:00+02:00,Di,13,Praterstern,0.67
2026-05-26T15:29:00+02:00,Di,15,Meidling,2.14
2026-05-26T15:30:00+02:00,Di,15,Praterstern,0.50
2026-05-26T15:59:00+02:00,Di,15,Meidling,1.00
2026-05-26T16:00:00+02:00,Di,16,Praterstern,0.33
2026-05-26T16:29:00+02:00,Di,16,Meidling,1.00
2026-05-26T16:30:00+02:00,Di,16,Praterstern,0.29
2026-05-26T16:59:00+02:00,Di,16,Meidling,1.00
2026-05-26T17:00:00+02:00,Di,17,Praterstern,0.14
2026-05-26T17:29:00+02:00,Di,17,Meidling,4.00
2026-05-26T17:27:00+02:00,Di,17,Praterstern,0.17
2026-05-26T17:59:00+02:00,Di,17,Meidling,2.14
2026-05-26T18:00:00+02:00,Di,18,Praterstern,0.43
2026-05-26T18:29:00+02:00,Di,18,Meidling,1.14
2026-05-26T18:30:00+02:00,Di,18,Praterstern,0.86
2026-05-26T18:59:00+02:00,Di,18,Meidling,1.29
2026-05-26T19:00:00+02:00,Di,19,Praterstern,1.43
2026-05-26T19:29:00+02:00,Di,19,Meidling,2.00
2026-05-26T19:30:00+02:00,Di,19,Praterstern,0.71
2026-05-26T19:59:00+02:00,Di,19,Meidling,0.71
2026-05-26T20:00:00+02:00,Di,20,Praterstern,0.17
2026-05-26T20:29:00+02:00,Di,20,Meidling,1.43
2026-05-26T20:30:00+02:00,Di,20,Praterstern,3.12
2026-05-26T20:59:00+02:00,Di,20,Meidling,4.14
2026-05-26T21:00:00+02:00,Di,21,Praterstern,0.00
2026-05-26T21:29:00+02:00,Di,21,Meidling,2.67
2026-05-26T21:30:00+02:00,Di,21,Praterstern,0.14
2026-05-26T21:59:00+02:00,Di,21,Meidling,0.57
2026-05-26T22:00:00+02:00,Di,22,Praterstern,0.20
2026-05-26T22:29:00+02:00,Di,22,Meidling,0.20
2026-05-26T22:30:00+02:00,Di,22,Praterstern,0.29
2026-05-26T22:59:00+02:00,Di,22,Meidling,1.00
2026-05-26T23:00:00+02:00,Di,23,Praterstern,0.00
2026-05-26T23:29:00+02:00,Di,23,Meidling,3.75
2026-05-26T23:30:00+02:00,Di,23,Praterstern,0.83
2026-05-26T23:59:00+02:00,Di,23,Meidling,1.67
2026-05-27T00:00:00+02:00,Mi,00,Praterstern,0.20
2026-05-27T00:29:00+02:00,Mi,00,Meidling,0.00
2026-05-27T00:27:00+02:00,Mi,00,Praterstern,0.00
2026-05-27T00:47:00+02:00,Mi,00,Meidling,0.00
2026-05-27T01:00:00+02:00,Mi,01,Praterstern,0.00
2026-05-27T01:12:00+02:00,Mi,01,Meidling,0.00
2026-05-27T01:27:00+02:00,Mi,01,Praterstern,0.00
2026-05-27T01:39:00+02:00,Mi,01,Praterstern,0.00
2026-05-27T04:29:00+02:00,Mi,04,Meidling,0.00
2026-05-27T04:30:00+02:00,Mi,04,Praterstern,0.00
2026-05-27T04:59:00+02:00,Mi,04,Meidling,0.25
2026-05-27T05:00:00+02:00,Mi,05,Praterstern,3.00
2026-05-27T05:23:00+02:00,Mi,05,Meidling,0.00
2026-05-27T05:20:00+02:00,Mi,05,Praterstern,1.67
2026-05-27T05:59:00+02:00,Mi,05,Meidling,0.29
2026-05-27T06:00:00+02:00,Mi,06,Praterstern,0.00
2026-05-27T06:17:00+02:00,Mi,06,Meidling,1.00
2026-05-27T06:30:00+02:00,Mi,06,Praterstern,0.43
2026-05-27T06:47:00+02:00,Mi,06,Meidling,0.00
2026-05-27T06:45:00+02:00,Mi,06,Praterstern,0.75
2026-05-27T06:59:00+02:00,Mi,06,Meidling,0.00
2026-05-27T07:00:00+02:00,Mi,07,Praterstern,1.33
2026-05-27T07:29:00+02:00,Mi,07,Meidling,0.29
2026-05-27T07:30:00+02:00,Mi,07,Praterstern,0.57
2026-05-27T07:59:00+02:00,Mi,07,Meidling,1.57
2026-05-27T08:00:00+02:00,Mi,08,Praterstern,0.86
2026-05-27T08:29:00+02:00,Mi,08,Meidling,1.57
2026-05-27T08:30:00+02:00,Mi,08,Praterstern,1.43
2026-05-27T08:59:00+02:00,Mi,08,Meidling,3.29
2026-05-27T09:00:00+02:00,Mi,09,Praterstern,2.83
2026-05-27T09:29:00+02:00,Mi,09,Meidling,1.83
2026-05-27T09:30:00+02:00,Mi,09,Praterstern,4.17
2026-05-27T09:59:00+02:00,Mi,09,Meidling,1.67
2026-05-27T10:00:00+02:00,Mi,10,Praterstern,2.50
2026-05-27T10:29:00+02:00,Mi,10,Meidling,0.40
2026-05-27T10:30:00+02:00,Mi,10,Praterstern,1.33
2026-05-27T10:50:00+02:00,Mi,10,Meidling,3.00
2026-05-27T10:50:00+02:00,Mi,10,Praterstern,0.25
2026-05-27T10:59:00+02:00,Mi,10,Meidling,3.00
2026-05-27T11:00:00+02:00,Mi,11,Praterstern,0.50
2026-05-27T11:29:00+02:00,Mi,11,Meidling,0.80
2026-05-27T11:30:00+02:00,Mi,11,Praterstern,0.57
2026-05-27T11:59:00+02:00,Mi,11,Meidling,1.17
2026-05-27T12:00:00+02:00,Mi,12,Praterstern,0.00
2026-05-27T12:29:00+02:00,Mi,12,Meidling,0.40
2026-05-27T12:30:00+02:00,Mi,12,Praterstern,2.71
2026-05-27T12:59:00+02:00,Mi,12,Meidling,0.57
2026-05-27T13:00:00+02:00,Mi,13,Praterstern,0.20
2026-05-27T13:29:00+02:00,Mi,13,Meidling,0.80
2026-05-27T13:30:00+02:00,Mi,13,Praterstern,0.29
2026-05-27T14:02:00+02:00,Mi,14,Meidling,1.25
2026-05-27T14:03:00+02:00,Mi,14,Praterstern,0.29
2026-05-27T14:29:00+02:00,Mi,14,Meidling,1.80
2026-05-27T14:30:00+02:00,Mi,14,Praterstern,0.83
2026-05-27T14:59:00+02:00,Mi,14,Meidling,2.71
2026-05-27T15:00:00+02:00,Mi,15,Praterstern,1.17
2026-05-27T15:29:00+02:00,Mi,15,Meidling,2.57
2026-05-27T15:30:00+02:00,Mi,15,Praterstern,1.67
2026-05-27T15:59:00+02:00,Mi,15,Meidling,0.62
2026-05-27T16:00:00+02:00,Mi,16,Praterstern,0.17
2026-05-27T16:29:00+02:00,Mi,16,Meidling,0.83
2026-05-27T16:30:00+02:00,Mi,16,Praterstern,2.86
2026-05-27T16:59:00+02:00,Mi,16,Meidling,14.83
2026-05-27T17:00:00+02:00,Mi,17,Praterstern,3.71
2026-05-27T17:29:00+02:00,Mi,17,Meidling,6.00
2026-05-27T17:30:00+02:00,Mi,17,Praterstern,8.40
2026-05-27T17:59:00+02:00,Mi,17,Meidling,11.33
2026-05-27T18:00:00+02:00,Mi,18,Praterstern,0.60
2026-05-27T18:29:00+02:00,Mi,18,Meidling,7.00
2026-05-27T18:27:00+02:00,Mi,18,Praterstern,0.00
2026-05-27T18:59:00+02:00,Mi,18,Meidling,1.33
2026-05-27T19:00:00+02:00,Mi,19,Praterstern,1.80
2026-05-27T19:29:00+02:00,Mi,19,Meidling,12.67
2026-05-27T19:30:00+02:00,Mi,19,Praterstern,1.71
2026-05-27T19:59:00+02:00,Mi,19,Meidling,15.50
2026-05-27T20:00:00+02:00,Mi,20,Praterstern,1.40
2026-05-27T20:29:00+02:00,Mi,20,Meidling,11.43
2026-05-27T20:30:00+02:00,Mi,20,Praterstern,0.80
2026-05-27T20:59:00+02:00,Mi,20,Meidling,8.43
2026-05-27T21:00:00+02:00,Mi,21,Praterstern,3.67
2026-05-27T21:29:00+02:00,Mi,21,Meidling,3.17
2026-05-27T21:30:00+02:00,Mi,21,Praterstern,1.17
2026-05-27T21:59:00+02:00,Mi,21,Meidling,1.00
2026-05-27T22:00:00+02:00,Mi,22,Praterstern,3.50
2026-05-27T22:29:00+02:00,Mi,22,Meidling,0.40
2026-05-27T22:30:00+02:00,Mi,22,Praterstern,1.14
2026-05-27T22:59:00+02:00,Mi,22,Meidling,4.50
2026-05-27T23:00:00+02:00,Mi,23,Praterstern,6.33
2026-05-27T23:29:00+02:00,Mi,23,Meidling,1.75
2026-05-27T23:30:00+02:00,Mi,23,Praterstern,3.00
2026-05-27T23:59:00+02:00,Mi,23,Meidling,0.17
2026-05-28T00:00:00+02:00,Do,00,Praterstern,2.40
2026-05-28T00:29:00+02:00,Do,00,Meidling,2.00
2026-05-28T00:27:00+02:00,Do,00,Praterstern,1.67
2026-05-28T00:47:00+02:00,Do,00,Meidling,0.67
2026-05-28T01:00:00+02:00,Do,01,Praterstern,0.50
2026-05-28T01:12:00+02:00,Do,01,Meidling,1.00
2026-05-28T01:27:00+02:00,Do,01,Praterstern,0.00
2026-05-28T01:39:00+02:00,Do,01,Praterstern,0.00
2026-05-28T04:29:00+02:00,Do,04,Meidling,0.00
2026-05-28T04:30:00+02:00,Do,04,Praterstern,0.00
2026-05-28T04:42:00+02:00,Do,04,Meidling,0.00
2026-05-28T04:57:00+02:00,Do,04,Praterstern,0.00
2026-05-28T05:29:00+02:00,Do,05,Meidling,0.57
2026-05-28T05:27:00+02:00,Do,05,Praterstern,1.50
2026-05-28T05:59:00+02:00,Do,05,Meidling,0.83
2026-05-28T06:00:00+02:00,Do,06,Praterstern,9.71
2026-05-28T06:29:00+02:00,Do,06,Meidling,1.67
2026-05-28T06:30:00+02:00,Do,06,Praterstern,0.80
2026-05-28T06:59:00+02:00,Do,06,Meidling,2.14
2026-05-28T07:00:00+02:00,Do,07,Praterstern,0.86
2026-05-28T07:29:00+02:00,Do,07,Meidling,2.00
2026-05-28T07:30:00+02:00,Do,07,Praterstern,2.33
2026-05-28T07:59:00+02:00,Do,07,Meidling,2.50
2026-05-28T07:57:00+02:00,Do,07,Praterstern,1.67
2026-05-28T08:29:00+02:00,Do,08,Meidling,3.86
2026-05-28T08:27:00+02:00,Do,08,Praterstern,2.00
2026-05-28T08:59:00+02:00,Do,08,Meidling,4.17
2026-05-28T09:00:00+02:00,Do,09,Praterstern,2.17
2026-05-28T09:29:00+02:00,Do,09,Meidling,2.17
2026-05-28T09:30:00+02:00,Do,09,Praterstern,4.14
2026-05-28T09:59:00+02:00,Do,09,Meidling,3.86
2026-05-28T10:00:00+02:00,Do,10,Praterstern,1.83
2026-05-28T10:29:00+02:00,Do,10,Meidling,0.60
2026-05-28T10:30:00+02:00,Do,10,Praterstern,1.29
2026-05-28T10:59:00+02:00,Do,10,Meidling,0.57
2026-05-28T11:00:00+02:00,Do,11,Praterstern,0.17
2026-05-28T11:29:00+02:00,Do,11,Meidling,0.20
2026-05-28T11:30:00+02:00,Do,11,Praterstern,0.14
2026-05-28T11:59:00+02:00,Do,11,Meidling,0.43
2026-05-28T12:00:00+02:00,Do,12,Praterstern,0.17
2026-05-28T12:29:00+02:00,Do,12,Meidling,0.40
2026-05-28T12:30:00+02:00,Do,12,Praterstern,0.29
2026-05-28T12:59:00+02:00,Do,12,Meidling,1.86
2026-05-28T13:00:00+02:00,Do,13,Praterstern,4.33
2026-05-28T13:29:00+02:00,Do,13,Meidling,0.40
2026-05-28T13:30:00+02:00,Do,13,Praterstern,0.29
2026-05-28T13:59:00+02:00,Do,13,Meidling,0.71
2026-05-28T14:00:00+02:00,Do,14,Praterstern,0.17
2026-05-28T14:29:00+02:00,Do,14,Meidling,1.29
2026-05-28T14:30:00+02:00,Do,14,Praterstern,0.14
2026-05-28T14:59:00+02:00,Do,14,Meidling,0.57
2026-05-28T15:00:00+02:00,Do,15,Praterstern,0.00
2026-05-28T15:29:00+02:00,Do,15,Meidling,0.83
2026-05-28T15:30:00+02:00,Do,15,Praterstern,0.14
2026-05-28T16:12:00+02:00,Do,16,Meidling,0.70
2026-05-28T16:30:00+02:00,Do,16,Praterstern,0.36
2026-05-28T16:59:00+02:00,Do,16,Meidling,4.71
2026-05-28T17:00:00+02:00,Do,17,Praterstern,2.57
2026-05-28T17:29:00+02:00,Do,17,Meidling,6.80
2026-05-28T17:30:00+02:00,Do,17,Praterstern,2.86
2026-05-28T17:59:00+02:00,Do,17,Meidling,2.71
2026-05-28T18:00:00+02:00,Do,18,Praterstern,0.67
2026-05-28T18:29:00+02:00,Do,18,Meidling,2.17
2026-05-28T18:30:00+02:00,Do,18,Praterstern,1.33
2026-05-28T18:59:00+02:00,Do,18,Meidling,1.14
2026-05-28T19:00:00+02:00,Do,19,Praterstern,3.14
2026-05-28T19:29:00+02:00,Do,19,Meidling,2.86
2026-05-28T19:30:00+02:00,Do,19,Praterstern,2.00
2026-05-28T19:59:00+02:00,Do,19,Meidling,1.86
2026-05-28T20:00:00+02:00,Do,20,Praterstern,0.33
2026-05-28T20:29:00+02:00,Do,20,Meidling,1.00
2026-05-28T20:30:00+02:00,Do,20,Praterstern,4.43
2026-05-28T20:59:00+02:00,Do,20,Meidling,7.67
2026-05-28T21:00:00+02:00,Do,21,Praterstern,0.17
2026-05-28T21:29:00+02:00,Do,21,Meidling,0.67
2026-05-28T21:30:00+02:00,Do,21,Praterstern,1.29
2026-05-28T21:59:00+02:00,Do,21,Meidling,0.71
2026-05-28T22:00:00+02:00,Do,22,Praterstern,3.50
2026-05-28T22:29:00+02:00,Do,22,Meidling,1.25
2026-05-28T22:30:00+02:00,Do,22,Praterstern,5.17
2026-05-28T22:59:00+02:00,Do,22,Meidling,1.60
2026-05-28T23:00:00+02:00,Do,23,Praterstern,0.43
2026-05-28T23:29:00+02:00,Do,23,Meidling,0.50
2026-05-28T23:30:00+02:00,Do,23,Praterstern,0.67
2026-05-28T23:59:00+02:00,Do,23,Meidling,1.17
2026-05-29T00:00:00+02:00,Fr,00,Praterstern,0.00
2026-05-29T00:29:00+02:00,Fr,00,Meidling,0.20
2026-05-29T00:15:00+02:00,Fr,00,Praterstern,0.00
2026-05-29T00:47:00+02:00,Fr,00,Meidling,0.00
2026-05-29T01:00:00+02:00,Fr,01,Praterstern,2.25
2026-05-29T01:12:00+02:00,Fr,01,Meidling,1.00
2026-05-29T01:27:00+02:00,Fr,01,Praterstern,0.00
2026-05-29T01:39:00+02:00,Fr,01,Praterstern,0.00
2026-05-29T04:29:00+02:00,Fr,04,Meidling,0.00
2026-05-29T04:30:00+02:00,Fr,04,Praterstern,0.00
2026-05-29T04:42:00+02:00,Fr,04,Meidling,0.00
2026-05-29T04:57:00+02:00,Fr,04,Praterstern,0.00
2026-05-29T05:23:00+02:00,Fr,05,Meidling,3.50
2026-05-29T05:27:00+02:00,Fr,05,Praterstern,0.00
2026-05-29T05:59:00+02:00,Fr,05,Meidling,1.17
2026-05-29T06:00:00+02:00,Fr,06,Praterstern,0.40
2026-05-29T06:29:00+02:00,Fr,06,Meidling,1.00
2026-05-29T06:30:00+02:00,Fr,06,Praterstern,0.14
2026-05-29T06:59:00+02:00,Fr,06,Meidling,1.43
2026-05-29T07:00:00+02:00,Fr,07,Praterstern,0.50
2026-05-29T07:29:00+02:00,Fr,07,Meidling,2.33
2026-05-29T07:30:00+02:00,Fr,07,Praterstern,0.29
2026-05-29T07:59:00+02:00,Fr,07,Meidling,1.29
2026-05-29T08:00:00+02:00,Fr,08,Praterstern,0.71
2026-05-29T08:29:00+02:00,Fr,08,Meidling,2.83
2026-05-29T08:30:00+02:00,Fr,08,Praterstern,1.60
2026-05-29T08:59:00+02:00,Fr,08,Meidling,2.33
2026-05-29T09:00:00+02:00,Fr,09,Praterstern,0.57
2026-05-29T09:29:00+02:00,Fr,09,Meidling,0.60
2026-05-29T09:30:00+02:00,Fr,09,Praterstern,4.67
2026-05-29T09:59:00+02:00,Fr,09,Meidling,0.86
2026-05-29T10:00:00+02:00,Fr,10,Praterstern,2.33
2026-05-29T10:29:00+02:00,Fr,10,Meidling,0.20
2026-05-29T10:30:00+02:00,Fr,10,Praterstern,0.83
2026-05-29T10:59:00+02:00,Fr,10,Meidling,0.71
2026-05-29T11:00:00+02:00,Fr,11,Praterstern,0.33
2026-05-29T11:29:00+02:00,Fr,11,Meidling,0.60
2026-05-29T11:30:00+02:00,Fr,11,Praterstern,0.29
2026-05-29T11:59:00+02:00,Fr,11,Meidling,0.67
2026-05-29T12:00:00+02:00,Fr,12,Praterstern,0.33
2026-05-29T12:29:00+02:00,Fr,12,Meidling,1.00
2026-05-29T12:30:00+02:00,Fr,12,Praterstern,0.29
2026-05-29T12:59:00+02:00,Fr,12,Meidling,0.86
2026-05-29T13:00:00+02:00,Fr,13,Praterstern,0.50
2026-05-29T13:29:00+02:00,Fr,13,Meidling,0.80
2026-05-29T13:20:00+02:00,Fr,13,Praterstern,0.80
2026-05-29T13:59:00+02:00,Fr,13,Meidling,2.00
2026-05-29T14:00:00+02:00,Fr,14,Praterstern,0.17
2026-05-29T14:29:00+02:00,Fr,14,Meidling,1.71
2026-05-29T14:30:00+02:00,Fr,14,Praterstern,0.14
2026-05-29T14:59:00+02:00,Fr,14,Meidling,1.33
2026-05-29T15:00:00+02:00,Fr,15,Praterstern,0.00
2026-05-29T15:29:00+02:00,Fr,15,Meidling,2.50
2026-05-29T15:30:00+02:00,Fr,15,Praterstern,0.67
2026-05-29T15:59:00+02:00,Fr,15,Meidling,1.50
2026-05-29T16:00:00+02:00,Fr,16,Praterstern,1.83
2026-05-29T16:29:00+02:00,Fr,16,Meidling,0.83
2026-05-29T16:27:00+02:00,Fr,16,Praterstern,0.60
2026-05-29T16:59:00+02:00,Fr,16,Meidling,0.57
2026-05-29T17:00:00+02:00,Fr,17,Praterstern,0.57
2026-05-29T17:29:00+02:00,Fr,17,Meidling,1.67
2026-05-29T17:30:00+02:00,Fr,17,Praterstern,0.29
2026-05-29T17:59:00+02:00,Fr,17,Meidling,2.00
2026-05-29T18:00:00+02:00,Fr,18,Praterstern,0.14
2026-05-29T18:23:00+02:00,Fr,18,Meidling,2.00
2026-05-29T18:30:00+02:00,Fr,18,Praterstern,0.14
2026-05-29T18:59:00+02:00,Fr,18,Meidling,1.43
2026-05-29T19:00:00+02:00,Fr,19,Praterstern,0.33
2026-05-29T19:23:00+02:00,Fr,19,Meidling,0.20
2026-05-29T19:30:00+02:00,Fr,19,Praterstern,0.57
2026-05-29T19:59:00+02:00,Fr,19,Meidling,1.00
2026-05-29T20:00:00+02:00,Fr,20,Praterstern,4.17
2026-05-29T20:29:00+02:00,Fr,20,Meidling,2.29
2026-05-29T20:30:00+02:00,Fr,20,Praterstern,1.67
2026-05-29T20:59:00+02:00,Fr,20,Meidling,1.86
2026-05-29T21:00:00+02:00,Fr,21,Praterstern,0.17
2026-05-29T21:29:00+02:00,Fr,21,Meidling,0.50
2026-05-29T21:30:00+02:00,Fr,21,Praterstern,0.71
2026-05-29T21:59:00+02:00,Fr,21,Meidling,0.71
2026-05-29T22:00:00+02:00,Fr,22,Praterstern,2.33
2026-05-29T22:29:00+02:00,Fr,22,Meidling,0.60
2026-05-29T22:30:00+02:00,Fr,22,Praterstern,0.33
2026-05-29T22:59:00+02:00,Fr,22,Meidling,1.33
2026-05-29T23:00:00+02:00,Fr,23,Praterstern,0.33
2026-05-29T23:29:00+02:00,Fr,23,Meidling,0.25
2026-05-29T23:30:00+02:00,Fr,23,Praterstern,5.33
2026-05-29T23:59:00+02:00,Fr,23,Meidling,2.00
2026-05-30T00:00:00+02:00,Sa,00,Praterstern,0.40
2026-05-30T00:29:00+02:00,Sa,00,Meidling,0.20
2026-05-30T00:27:00+02:00,Sa,00,Praterstern,2.75
2026-05-30T00:53:00+02:00,Sa,00,Meidling,4.67
2026-05-30T01:00:00+02:00,Sa,01,Praterstern,0.25
2026-05-30T01:12:00+02:00,Sa,01,Meidling,0.00
2026-05-30T01:27:00+02:00,Sa,01,Praterstern,0.33
2026-05-30T01:42:00+02:00,Sa,01,Meidling,0.00
2026-05-30T01:39:00+02:00,Sa,01,Praterstern,0.00
2026-05-30T02:12:00+02:00,Sa,02,Meidling,0.00
2026-05-30T02:42:00+02:00,Sa,02,Meidling,0.00
2026-05-30T02:39:00+02:00,Sa,02,Praterstern,4.00
2026-05-30T03:12:00+02:00,Sa,03,Meidling,0.00
2026-05-30T03:09:00+02:00,Sa,03,Praterstern,0.00
2026-05-30T03:42:00+02:00,Sa,03,Meidling,0.00
2026-05-30T03:39:00+02:00,Sa,03,Praterstern,0.00
2026-05-30T04:29:00+02:00,Sa,04,Meidling,0.00
2026-05-30T04:09:00+02:00,Sa,04,Praterstern,0.00
2026-05-30T04:42:00+02:00,Sa,04,Meidling,5.00
2026-05-30T04:39:00+02:00,Sa,04,Praterstern,0.00
2026-05-30T05:29:00+02:00,Sa,05,Meidling,1.40
2026-05-30T05:27:00+02:00,Sa,05,Praterstern,0.00
2026-05-30T05:59:00+02:00,Sa,05,Meidling,0.00
2026-05-30T05:50:00+02:00,Sa,05,Praterstern,0.00
2026-05-30T06:29:00+02:00,Sa,06,Meidling,1.86
2026-05-30T06:30:00+02:00,Sa,06,Praterstern,2.17
2026-05-30T06:59:00+02:00,Sa,06,Meidling,0.83
2026-05-30T07:00:00+02:00,Sa,07,Praterstern,0.40
2026-05-30T07:29:00+02:00,Sa,07,Meidling,0.00
2026-05-30T07:30:00+02:00,Sa,07,Praterstern,0.00
2026-05-30T07:59:00+02:00,Sa,07,Meidling,0.33
2026-05-30T08:00:00+02:00,Sa,08,Praterstern,0.00
2026-05-30T08:29:00+02:00,Sa,08,Meidling,0.20
2026-05-30T08:30:00+02:00,Sa,08,Praterstern,0.17
2026-05-30T08:59:00+02:00,Sa,08,Meidling,0.00
2026-05-30T09:00:00+02:00,Sa,09,Praterstern,1.20
2026-05-30T09:29:00+02:00,Sa,09,Meidling,3.20
2026-05-30T09:27:00+02:00,Sa,09,Praterstern,0.60
2026-05-30T09:59:00+02:00,Sa,09,Meidling,0.50
2026-05-30T10:00:00+02:00,Sa,10,Praterstern,0.20
2026-05-30T10:29:00+02:00,Sa,10,Meidling,0.00
2026-05-30T10:30:00+02:00,Sa,10,Praterstern,0.83
2026-05-30T10:59:00+02:00,Sa,10,Meidling,0.00
2026-05-30T11:00:00+02:00,Sa,11,Praterstern,0.20
2026-05-30T11:29:00+02:00,Sa,11,Meidling,0.00
2026-05-30T11:30:00+02:00,Sa,11,Praterstern,0.17
2026-05-30T11:59:00+02:00,Sa,11,Meidling,0.50
2026-05-30T12:00:00+02:00,Sa,12,Praterstern,0.50
2026-05-30T12:29:00+02:00,Sa,12,Meidling,0.50
2026-05-30T12:30:00+02:00,Sa,12,Praterstern,0.50
2026-05-30T12:59:00+02:00,Sa,12,Meidling,0.00
2026-05-30T13:00:00+02:00,Sa,13,Praterstern,1.00
2026-05-30T13:29:00+02:00,Sa,13,Meidling,0.00
2026-05-30T13:30:00+02:00,Sa,13,Praterstern,0.40
2026-05-30T13:59:00+02:00,Sa,13,Meidling,0.00
2026-05-30T14:00:00+02:00,Sa,14,Praterstern,2.00
2026-05-30T14:29:00+02:00,Sa,14,Meidling,0.33
2026-05-30T14:30:00+02:00,Sa,14,Praterstern,1.67
2026-05-30T14:59:00+02:00,Sa,14,Meidling,0.43
2026-05-30T15:00:00+02:00,Sa,15,Praterstern,1.25
2026-05-30T15:29:00+02:00,Sa,15,Meidling,0.25
2026-05-30T15:30:00+02:00,Sa,15,Praterstern,1.40
2026-05-30T15:59:00+02:00,Sa,15,Meidling,3.86
2026-05-30T16:00:00+02:00,Sa,16,Praterstern,0.20
2026-05-30T16:29:00+02:00,Sa,16,Meidling,5.75
2026-05-30T16:30:00+02:00,Sa,16,Praterstern,0.17
2026-05-30T16:59:00+02:00,Sa,16,Meidling,1.14
2026-05-30T17:00:00+02:00,Sa,17,Praterstern,2.40
2026-05-30T17:29:00+02:00,Sa,17,Meidling,0.00
2026-05-30T17:30:00+02:00,Sa,17,Praterstern,0.17
2026-05-30T17:59:00+02:00,Sa,17,Meidling,1.29
2026-05-30T18:00:00+02:00,Sa,18,Praterstern,0.50
2026-05-30T18:29:00+02:00,Sa,18,Meidling,0.75
2026-05-30T18:30:00+02:00,Sa,18,Praterstern,0.33
2026-05-30T18:59:00+02:00,Sa,18,Meidling,3.57
2026-05-30T18:57:00+02:00,Sa,18,Praterstern,0.00
2026-05-30T19:29:00+02:00,Sa,19,Meidling,0.80
2026-05-30T19:27:00+02:00,Sa,19,Praterstern,0.00
2026-05-30T19:59:00+02:00,Sa,19,Meidling,0.29
2026-05-30T20:00:00+02:00,Sa,20,Praterstern,0.20
2026-05-30T20:23:00+02:00,Sa,20,Meidling,0.50
2026-05-30T20:30:00+02:00,Sa,20,Praterstern,0.00
2026-05-30T20:59:00+02:00,Sa,20,Meidling,0.00
2026-05-30T21:00:00+02:00,Sa,21,Praterstern,0.33
2026-05-30T21:29:00+02:00,Sa,21,Meidling,1.80
2026-05-30T21:30:00+02:00,Sa,21,Praterstern,0.17
2026-05-30T21:59:00+02:00,Sa,21,Meidling,0.67
2026-05-30T22:00:00+02:00,Sa,22,Praterstern,1.00
2026-05-30T22:29:00+02:00,Sa,22,Meidling,0.20
2026-05-30T22:30:00+02:00,Sa,22,Praterstern,0.83
2026-05-30T22:59:00+02:00,Sa,22,Meidling,0.33
2026-05-30T23:00:00+02:00,Sa,23,Praterstern,0.17
2026-05-30T23:29:00+02:00,Sa,23,Meidling,5.00
2026-05-30T23:30:00+02:00,Sa,23,Praterstern,0.17
2026-05-30T23:59:00+02:00,Sa,23,Meidling,9.17
2026-05-31T00:00:00+02:00,So,00,Praterstern,1.20
2026-05-31T00:29:00+02:00,So,00,Meidling,5.67
2026-05-31T00:27:00+02:00,So,00,Praterstern,9.50
2026-05-31T00:53:00+02:00,So,00,Meidling,0.75
2026-05-31T01:00:00+02:00,So,01,Praterstern,0.50
2026-05-31T01:12:00+02:00,So,01,Meidling,0.00
2026-05-31T01:27:00+02:00,So,01,Praterstern,0.00
2026-05-31T01:42:00+02:00,So,01,Meidling,0.00
2026-05-31T02:12:00+02:00,So,02,Meidling,0.00
2026-05-31T02:09:00+02:00,So,02,Praterstern,0.00
2026-05-31T02:42:00+02:00,So,02,Meidling,0.00
2026-05-31T02:39:00+02:00,So,02,Praterstern,0.00
2026-05-31T03:12:00+02:00,So,03,Meidling,0.00
2026-05-31T03:09:00+02:00,So,03,Praterstern,0.00
2026-05-31T03:42:00+02:00,So,03,Meidling,0.00
2026-05-31T03:39:00+02:00,So,03,Praterstern,0.00
2026-05-31T04:29:00+02:00,So,04,Meidling,0.00
2026-05-31T04:09:00+02:00,So,04,Praterstern,0.00
2026-05-31T04:42:00+02:00,So,04,Meidling,0.00
2026-05-31T04:39:00+02:00,So,04,Praterstern,0.00
2026-05-31T05:23:00+02:00,So,05,Meidling,0.00
2026-05-31T05:27:00+02:00,So,05,Praterstern,0.00
2026-05-31T05:59:00+02:00,So,05,Meidling,0.00
2026-05-31T05:50:00+02:00,So,05,Praterstern,0.00
2026-05-31T06:29:00+02:00,So,06,Meidling,0.17
2026-05-31T06:30:00+02:00,So,06,Praterstern,0.20
2026-05-31T06:59:00+02:00,So,06,Meidling,0.00
2026-05-31T07:00:00+02:00,So,07,Praterstern,0.20
2026-05-31T07:29:00+02:00,So,07,Meidling,0.00
2026-05-31T07:30:00+02:00,So,07,Praterstern,0.00
2026-05-31T07:59:00+02:00,So,07,Meidling,0.00
2026-05-31T08:00:00+02:00,So,08,Praterstern,0.25
2026-05-31T08:29:00+02:00,So,08,Meidling,0.50
2026-05-31T08:30:00+02:00,So,08,Praterstern,0.17
2026-05-31T08:59:00+02:00,So,08,Meidling,1.29
2026-05-31T09:00:00+02:00,So,09,Praterstern,0.80
2026-05-31T09:29:00+02:00,So,09,Meidling,0.20
2026-05-31T09:30:00+02:00,So,09,Praterstern,0.50
2026-05-31T09:59:00+02:00,So,09,Meidling,0.83
2026-05-31T10:00:00+02:00,So,10,Praterstern,1.00
2026-05-31T10:29:00+02:00,So,10,Meidling,2.50
2026-05-31T10:30:00+02:00,So,10,Praterstern,1.83
2026-05-31T10:59:00+02:00,So,10,Meidling,2.00
2026-05-31T11:00:00+02:00,So,11,Praterstern,0.40
2026-05-31T11:29:00+02:00,So,11,Meidling,1.25
2026-05-31T11:30:00+02:00,So,11,Praterstern,1.50
2026-05-31T11:59:00+02:00,So,11,Meidling,0.33
2026-05-31T12:00:00+02:00,So,12,Praterstern,0.80
2026-05-31T12:29:00+02:00,So,12,Meidling,0.00
2026-05-31T12:30:00+02:00,So,12,Praterstern,1.17
2026-05-31T12:59:00+02:00,So,12,Meidling,1.00
2026-05-31T13:00:00+02:00,So,13,Praterstern,2.60
2026-05-31T13:29:00+02:00,So,13,Meidling,0.25
2026-05-31T13:27:00+02:00,So,13,Praterstern,1.40
2026-05-31T13:59:00+02:00,So,13,Meidling,0.00
2026-05-31T14:00:00+02:00,So,14,Praterstern,2.80
2026-05-31T14:29:00+02:00,So,14,Meidling,0.50
2026-05-31T14:30:00+02:00,So,14,Praterstern,2.00
2026-05-31T14:59:00+02:00,So,14,Meidling,0.86
2026-05-31T15:00:00+02:00,So,15,Praterstern,0.20
2026-05-31T15:29:00+02:00,So,15,Meidling,3.50
2026-05-31T15:30:00+02:00,So,15,Praterstern,0.67
2026-05-31T15:59:00+02:00,So,15,Meidling,0.43
2026-05-31T16:00:00+02:00,So,16,Praterstern,0.20
2026-05-31T16:29:00+02:00,So,16,Meidling,0.00
2026-05-31T16:30:00+02:00,So,16,Praterstern,0.00
2026-05-31T16:59:00+02:00,So,16,Meidling,1.83
2026-05-31T17:00:00+02:00,So,17,Praterstern,0.20
2026-05-31T17:29:00+02:00,So,17,Meidling,1.00
2026-05-31T17:30:00+02:00,So,17,Praterstern,0.50
2026-05-31T17:59:00+02:00,So,17,Meidling,1.00
2026-05-31T18:00:00+02:00,So,18,Praterstern,2.00
2026-05-31T18:29:00+02:00,So,18,Meidling,1.25
2026-05-31T18:30:00+02:00,So,18,Praterstern,0.33
2026-05-31T18:59:00+02:00,So,18,Meidling,2.00
2026-05-31T19:00:00+02:00,So,19,Praterstern,1.80
2026-05-31T19:29:00+02:00,So,19,Meidling,1.20
2026-05-31T19:30:00+02:00,So,19,Praterstern,2.00
2026-05-31T19:59:00+02:00,So,19,Meidling,0.71
2026-05-31T20:00:00+02:00,So,20,Praterstern,7.67
2026-05-31T20:29:00+02:00,So,20,Meidling,0.40
2026-05-31T20:30:00+02:00,So,20,Praterstern,0.67
2026-05-31T20:59:00+02:00,So,20,Meidling,0.20
2026-05-31T21:00:00+02:00,So,21,Praterstern,0.50
2026-05-31T21:29:00+02:00,So,21,Meidling,0.20
2026-05-31T21:30:00+02:00,So,21,Praterstern,0.40
2026-05-31T21:59:00+02:00,So,21,Meidling,0.33
2026-05-31T22:00:00+02:00,So,22,Praterstern,0.00
2026-05-31T22:29:00+02:00,So,22,Meidling,1.00
2026-05-31T22:30:00+02:00,So,22,Praterstern,1.33
2026-05-31T22:59:00+02:00,So,22,Meidling,0.00
2026-05-31T23:00:00+02:00,So,23,Praterstern,0.00
2026-05-31T23:29:00+02:00,So,23,Meidling,0.00
2026-05-31T23:30:00+02:00,So,23,Praterstern,0.33
2026-05-31T23:59:00+02:00,So,23,Meidling,0.00
2026-06-01T00:00:00+02:00,Mo,00,Praterstern,0.00
2026-06-01T00:29:00+02:00,Mo,00,Meidling,0.20
2026-06-01T00:27:00+02:00,Mo,00,Praterstern,0.00
2026-06-01T00:47:00+02:00,Mo,00,Meidling,0.00
2026-06-01T01:00:00+02:00,Mo,01,Praterstern,0.00
2026-06-01T01:12:00+02:00,Mo,01,Meidling,1.00
2026-06-01T01:27:00+02:00,Mo,01,Praterstern,0.00
2026-06-01T01:39:00+02:00,Mo,01,Praterstern,0.00
2026-06-01T04:29:00+02:00,Mo,04,Meidling,2.00
2026-06-01T04:30:00+02:00,Mo,04,Praterstern,0.00
2026-06-01T04:50:00+02:00,Mo,04,Meidling,0.00
2026-06-01T05:00:00+02:00,Mo,05,Praterstern,0.50
2026-06-01T05:29:00+02:00,Mo,05,Meidling,0.40
2026-06-01T05:27:00+02:00,Mo,05,Praterstern,0.00
2026-06-01T05:59:00+02:00,Mo,05,Meidling,1.17
2026-06-01T06:00:00+02:00,Mo,06,Praterstern,0.50
2026-06-01T06:29:00+02:00,Mo,06,Meidling,0.17
2026-06-01T06:30:00+02:00,Mo,06,Praterstern,0.33
2026-06-01T06:59:00+02:00,Mo,06,Meidling,0.71
2026-06-01T07:00:00+02:00,Mo,07,Praterstern,1.00
2026-06-01T07:29:00+02:00,Mo,07,Meidling,0.71
2026-06-01T07:30:00+02:00,Mo,07,Praterstern,3.86
2026-06-01T07:59:00+02:00,Mo,07,Meidling,1.57
2026-06-01T08:00:00+02:00,Mo,08,Praterstern,0.57
2026-06-01T08:29:00+02:00,Mo,08,Meidling,2.50
2026-06-01T08:30:00+02:00,Mo,08,Praterstern,0.71
2026-06-01T08:59:00+02:00,Mo,08,Meidling,4.14
2026-06-01T09:00:00+02:00,Mo,09,Praterstern,3.50
2026-06-01T09:29:00+02:00,Mo,09,Meidling,0.83
2026-06-01T09:30:00+02:00,Mo,09,Praterstern,2.67
2026-06-01T09:59:00+02:00,Mo,09,Meidling,1.29
2026-06-01T10:00:00+02:00,Mo,10,Praterstern,0.40
2026-06-01T10:29:00+02:00,Mo,10,Meidling,1.40
2026-06-01T10:30:00+02:00,Mo,10,Praterstern,0.29
2026-06-01T10:59:00+02:00,Mo,10,Meidling,1.43
2026-06-01T11:00:00+02:00,Mo,11,Praterstern,0.17
2026-06-01T11:29:00+02:00,Mo,11,Meidling,0.80
2026-06-01T11:30:00+02:00,Mo,11,Praterstern,0.29
2026-06-01T11:59:00+02:00,Mo,11,Meidling,0.86
2026-06-01T12:00:00+02:00,Mo,12,Praterstern,0.50
2026-06-01T12:29:00+02:00,Mo,12,Meidling,0.20
2026-06-01T12:30:00+02:00,Mo,12,Praterstern,0.29
2026-06-01T12:59:00+02:00,Mo,12,Meidling,0.43
2026-06-01T13:00:00+02:00,Mo,13,Praterstern,0.17
2026-06-01T13:29:00+02:00,Mo,13,Meidling,0.60
2026-06-01T13:30:00+02:00,Mo,13,Praterstern,0.14
2026-06-01T13:59:00+02:00,Mo,13,Meidling,1.17
2026-06-01T14:00:00+02:00,Mo,14,Praterstern,0.17
2026-06-01T14:29:00+02:00,Mo,14,Meidling,0.86
2026-06-01T14:30:00+02:00,Mo,14,Praterstern,0.29
2026-06-01T14:59:00+02:00,Mo,14,Meidling,0.57
2026-06-01T15:00:00+02:00,Mo,15,Praterstern,2.50
